announcement_id,sec_code,symbol,sec_name,report_kind,report_period,publication_date,first_publication_date,title,manager,product_names,source_url,search_terms,source_snippet,evidence_status,evidence_pages,evidence_context,verified_manager,verified_product_names,price_source,price_error,benchmark_symbol,benchmark_name,benchmark_rule,feature_as_of,price_at_report,ret_20d,ret_60d,ret_120d,ret_252d,volatility_60d,drawdown_252d,ma_50_gap,ma_200_gap,rsi_14,volume_ratio_20_120,atr_20_pct,disclosure_lag_days,report_to_publication_return,snapshot_return_21d,entry_date_21d,entry_price_21d,exit_date_21d,exit_price_21d,return_21d,mfe_21d,mae_21d,benchmark_return_21d,excess_21d,snapshot_return_63d,entry_date_63d,entry_price_63d,exit_date_63d,exit_price_63d,return_63d,mfe_63d,mae_63d,benchmark_return_63d,excess_63d
1207665052,002668,002668.SZ,ST奥马,FY,2019-12-31,2020-04-28,2020-04-28,奥马电器：2019年年度报告,浙江九章资产,[],https://static.cninfo.com.cn/finalpage/2020-04-29/1207665052.PDF,宁波幻方,"2,466,700 刘诗彬 1,875,900 人民币普通股 1,875,900 浙江九章资产管理有限公司－九章幻方青溪",verified_shareholder,41,"股股东，赵国栋与西藏融通众金投资有限公司为一致行动人关系；公司未知其余8名股东是否存在关联关系，也未知是否属于《上市公司持股变动信息披露管理办法》中规定的一致行动人。前10名无限售条件股东持股情况股东名称报告期末持有无限售条件股份数量股份种类股份种类数量天安人寿保险股份有限公司－万能产品43,202,375人民币普通股43,202,375赵国栋32,344,078人民币普通股32,344,078谭式桂3,841,161人民币普通股3,841,161蔡拾贰2,466,700人民币普通股2,466,700刘诗彬1,875,900人民币普通股1,875,900浙江九章资产管理有限公司－九章幻方青溪1号私募基金1,852,000人民币普通股1,852,000黄伟1,811,579人民币普通股1,811,579王博仟1,800,000人民币普通股1,800,000朱世宏1,798,000人民币普通股1,798,000梁剑1,646,800人民币普通股1,646,800前10名无限售流通股股东之间，以及前10名无限售流通股股东和前10名股东之间关联关系或一致行动的说明公司未知前10名无限售条件流通股股东是否存在关联关系，也未知是否属于《上市公司持股变动信息披露管理办法》中规定的一致行动人。前10名普通股股东参与融资融券业务情况说明（如有）（参见注4）1、公司股东刘诗彬通过普通账户持有公司股票1,153,600股，通过中国银河证券股份有限公司客户信用交易担保证券账户持有公司股票722,300股，合计持有公司股票1,875,900股；2、公司股东王博仟通过普通账户持有公司股票0股，通过华泰证券股份有限公司客户信用交易",浙江九章资产,九章幻方青溪1号私募基金,yahoo,,510300.SS,沪深300ETF,default,2019-12-31,5.531175136566162,0.04243544425106993,-0.23337852766067968,0.06805294137037143,0.1078431587905837,0.5788513306212415,-0.3016069455691591,-0.05404498703321514,-0.057940794235244675,46.11651300375313,1.046953000631849,0.052123897315061396,119,-0.15575225716849805,-0.10820238180106423,2020-04-29,4.669682124251707,2020-06-01,4.591364860534668,-0.016771433607932873,0.08176102038685462,-0.06918234099201737,0.037114513176943476,-0.05388594678487635,-0.12041884808160974,2020-04-29,4.669682124251707,2020-07-31,5.110218048095703,0.09433959574166728,0.2704402648289843,-0.07547166113887327,0.24150561832755146,-0.14716602258588418
1207873293,300089,300089.SZ,文化长城,FY,2019-12-31,2020-05-28,2020-05-28,文化长城：2019年年度报告,浙江九章资产,[],https://static.cninfo.com.cn/finalpage/2020-05-29/1207873293.PDF,宁波幻方,"3,712,500 吴网腰 3,000,000 人民币普通股 3,000,000 浙江九章资产管理有限公司－九章幻方皓月",verified_shareholder,58,"0名股东的情况（如有）（参见注4）无上述股东关联关系或一致行动的说明公司股东蔡廷祥和股东吴淡珠为夫妻关系；蔡廷祥与陈素芳是舅甥亲属关系。除此之外，公司未知其他股东是否存在关联关系或一致行动关系。前10名无限售条件股东持股情况股东名称报告期末持有无限售条件股份数量股份种类股份种类数量广东文化长城集团股份有限公司2019年年度报告全文58蔡廷祥35,859,375人民币普通股35,859,375陈素芳10,179,000人民币普通股10,179,000吴淡珠3,712,500人民币普通股3,712,500吴网腰3,000,000人民币普通股3,000,000浙江九章资产管理有限公司－九章幻方皓月18号私募基金2,814,000人民币普通股2,814,000何天明2,242,500人民币普通股2,242,500#奚文亮2,152,000人民币普通股2,152,000#鲍劲柏1,463,849人民币普通股1,463,849吴淑青1,325,100人民币普通股1,325,100#赵疆1,305,000人民币普通股1,305,000前10名无限售流通股股东之间，以及前10名无限售流通股股东和前10名股东之间关联关系或一致行动的说明公司股东蔡廷祥和股东吴淡珠为夫妻关系；蔡廷祥与陈素芳是舅甥亲属关系。除此之外，公司未知其他股东是否存在关联关系或一致行动关系。参与融资融券业务股东情况说明（如有）（参见注5）1、公司股东奚文亮通过国泰君安证券股份有限公司客户信用交易担保证券账户持有2,152,000股。2、公司股东鲍劲柏通过国元证券股份有限公司客户信用交易担保证券账户持有1,463,849股。3、公司股东赵疆普通证券账户",浙江九章资产,九章幻方皓月18号私募基金,sina_unadjusted,,510300.SS,沪深300ETF,default,2019-12-31,3.52,-0.12,0.14657980456026065,-0.13936430317848403,,0.8295231255565122,-0.5325365205843293,-0.15869980879541112,-0.2199618845011746,22.22222222222223,1.397808636267225,0.06903409090909092,149,-0.1477272727272727,-0.01671309192200554,2020-05-29,3.0,2020-06-30,3.39,0.13000000000000012,0.2766666666666666,-0.00666666666666671,0.09086162323752855,0.03913837676247156,-0.1504178272980502,2020-05-29,3.0,2020-08-27,5.4,0.8,1.106666666666667,-0.00666666666666671,0.2530026953605966,0.5469973046394034
1207416549,600768,600768.SS,宁波富邦,FY,2019-12-31,2020-03-27,2020-03-27,宁波富邦：2019年年度报告,浙江九章资产,[],https://static.cninfo.com.cn/finalpage/2020-03-28/1207416549.PDF,宁波幻方,"王坚宏 1,100 1,059,118 0.79 0 未知 境内自然人 浙江九章资产管理有限公司－九章幻方青溪",verified_shareholder,35|36,"决权恢复的优先股股东总数（户）(二)截止报告期末前十名股东、前十名流通股东（或无限售条件股东）持股情况表单位:股前十名股东持股情况股东名称（全称）报告期内增减期末持股数量比例(%)持有有限售条件股份数量质押或冻结情况股东性质股份状态数量宁波富邦控股集团有限公司049,820,08237.250无境内非国有法人王文霞-3,625,7801,384,8491.040未知境内自然人梁旋-100,0001,088,2000.830未知境内自然人宁波三星通讯设备有限公司01,102,8570.820未知未知王坚宏1,1001,059,1180.790未知境内自然人浙江九章资产管理有限公司－九章幻方青溪2号私募基金1,058,3001,058,3000.790未知其他王秀荣44,3331,054,7000.790未知境内自然人陈荣175,2791,008,4790.750未知境内自然人罗树勤-189,700815,1120.610未知境内自然人上银瑞金资产－上海银行－慧富9号资产管理计划0750,0000.560未知其他前十名无限售条件股东持股情况股东名称持有无限售条件流通股的数量股份种类及数量种类数量2019年年度报告36/151宁波富邦控股集团有限公司49,820,082人民币普通股49,820,082王文霞1,384,849人民币普通股1,384,849梁旋1,088,200人民币普通股1,088,200宁波三星通讯设备有限公司1,102,857人民币普通股1,102,857王坚宏1,059,118人民币普通股1,059,118浙江九章资产管理有限公司－九章幻方青溪2号私募基金1,058,300人民币普通股 || 罗树勤-189,700815,1120.610未知境内自然人上银瑞金资产－上海银行－慧富9号资产管理计划0750,0000.560未知其他前十名无限售条件股东持股情况股东名称持有无限售条件流通股的数量股份种类及数量种类数量2019年年度报告36/151宁波富邦控股集团有限公司49,820,082人民币普通股49,820,082王文霞1,384,849人民币普通股1,384,849梁旋1,088,200人民币普通股1,088,200宁波三星通讯设备有限公司1,102,857人民币普通股1,102,857王坚宏1,059,118人民币普通股1,059,118浙江九章资产管理有限公司－九章幻方青溪2号私募基金1,058,300人民币普通股1,058,300王秀荣1,054,700人民币普通股1,054,700陈荣1,008,479人民币普通股1,008,479罗树勤815,112人民币普通股815,112上银瑞金资产－上海银行－慧富9号资产管理计划750,000人民币普通股750,000上述股东关联关系或一致行动的说明前十名股东中，公司控股股东宁波富邦控股集团有限公司与其他股东之间不存在关联关系或一致行动人关系，公司未知其他股东之间是否存在关联关系或一致行动人关系。表决权恢复的优先股股东及持股数量的说明前十名有限售条件股东持股数量及限售条件□适用√不适用(三)战略投资者或一般法人因配售新股成为前10名股东□适用√不适用四、控股股东及实际控制人情况(一)控股股东情况1法人√适用□不适用名称宁波富邦控股集团有限公司单位负责人或法定代表人宋汉平2019年年度报告37/151成立日期2002年4月26日主要经营业务",浙江九章资产,九章幻方青溪2号私募基金,yahoo,,510300.SS,沪深300ETF,default,2019-12-31,12.015629768371582,0.19395704813941794,0.10559568632299632,0.10659440379972906,0.25899277987538283,0.44873945372004204,-0.15807554258860557,0.12284369832660658,0.10901883882413954,64.57055573806451,3.3445386263090167,0.05857141954145718,87,-0.14693885763786607,-0.15571775894849493,2020-03-30,10.250066856407525,2020-04-28,9.033791542053224,-0.11866023230804412,2.964384693271427e-08,-0.15023917420737276,0.047007527931000936,-0.16566776023904506,-0.1703163325448157,2020-03-30,10.250066856407525,2020-07-02,9.396713256835938,-0.08325346668720879,0.2583732727607906,-0.15023917420737276,0.1943154359867887,-0.2775689026739975
1207448598,603013,603013.SS,亚普股份,FY,2019-12-31,2020-04-01,2020-04-01,亚普股份：2019年年度报告,浙江九章资产,[],https://static.cninfo.com.cn/finalpage/2020-04-02/1207448598.PDF,宁波幻方,"317,900 高维庆 234,473 人民币普通股 234,473 浙江九章资产管理有限公司－九章幻方紫云",verified_shareholder,39,"他高维庆234,473234,4730.050无0境内自然人前十名无限售条件股东持股情况股东名称持有无限售条件流通股的数量股份种类及数量种类数量创金合信基金－工商银行－外贸信托－外贸信托·稳富FOF单一资金信托780,200人民币普通股780,200石新华364,400人民币普通股364,400浙江广孚联合控股有限公司356,000人民币普通股356,000华泰证券股份有限公司340,829人民币普通股340,829创金合信基金－工商银行－创金合信泰利15号资产管理计划317,900人民币普通股317,900高维庆234,473人民币普通股234,473浙江九章资产管理有限公司－九章幻方紫云3号私募基金221,600人民币普通股221,600蔡明亮208,500人民币普通股208,500马志文207,000人民币普通股207,000香港中央结算有限公司200,823人民币普通股200,823上述股东关联关系或一致行动的说明1、国投创新（北京）投资基金有限公司和北京国投协力股权投资基金（有限合伙）为一致行动人；2、公司未知前十名无限售条件股东之间是否存在其他关联关系或一致行动人情况。表决权恢复的优先股股东及持股数量的说明不适用前十名有限售条件股东持股数量及限售条件√适用□不适用单位：股序号有限售条件股东名称持有的有限售条件股份数量有限售条件股份可上市交易情况限售条件可上市交易时间新增可上市交易股份数量1国投高科技投资有限公司252,450,0002021年5月9日0限售36个月2华域汽车系统股份有限公司152,550,0002021年5月9日0限售36个月3国投创新（北京）投资基金有限公司22,500,",浙江九章资产,九章幻方紫云3号私募基金,yahoo,,510300.SS,沪深300ETF,default,2019-12-31,12.228710174560549,0.06815020723280174,0.11465892749367268,0.0019568376759275807,-0.12714834363696004,0.37736378403182264,-0.2863526151830248,0.0035017755332775735,-0.0199684770777786,57.08654788903969,1.3524580019803691,0.029134132565798217,92,-0.08007799761846812,-0.1792879786426136,2020-04-02,11.249459550325152,2020-05-06,11.416648864746094,0.014861986362367796,0.17338991492411138,-0.0474169971575521,0.07107709533767093,-0.05621510897530313,-0.06472491104905542,2020-04-02,11.249459550325152,2020-07-07,13.321525573730469,0.18419249512705926,0.21193567836084837,-0.0474169971575521,0.2946965428542321,-0.11050404772717282
1208637880,300293,300293.SZ,蓝英装备,Q3,2020-09-30,2020-10-28,2020-10-28,蓝英装备：2020年第三季度报告全文,浙江九章资产,[],https://static.cninfo.com.cn/finalpage/2020-10-29/1208637880.PDF,宁波幻方,"沈阳黑石投资有限公司 境内非国有法人 1.28% 3,442,500 浙江九章资产管理有限公司－九章幻方中证",verified_shareholder,4,"名股东持股情况表1、普通股股东总数和表决权恢复的优先股股东数量及前10名股东持股情况表单位：股报告期末普通股股东总数58,320报告期末表决权恢复的优先股股东总数（如有）0前10名股东持股情况股东名称股东性质持股比例持股数量持有有限售条件的股份数量质押或冻结情况股份状态数量沈阳蓝英自动控制有限公司境内非国有法人31.21%84,277,500质押12,000,000中巨国际有限公司境外法人15.02%40,551,300沈阳睿云智能机械设备有限责任公司境内非国有法人1.85%5,003,600沈阳黑石投资有限公司境内非国有法人1.28%3,442,500浙江九章资产管理有限公司－九章幻方中证500量化进取5号私募基金其他0.35%946,553瑞士信贷（香港）有限公司境外法人0.34%922,169邓艾境内自然人0.34%920,000张邦森境内自然人0.30%803,500刘乐飞境内自然人0.27%733,000JPMORGANCHASEBANK,NATIONALASSOCIATION境外法人0.19%513,549前10名无限售条件股东持股情况股东名称持有无限售条件股份数量股份种类股份种类数量沈阳蓝英自动控制有限公司84,277,500人民币普通股84,277,500中巨国际有限公司40,551,300人民币普通股40,551,300沈阳睿云智能机械设备有限责任公司5,003,600人民币普通股5,003,600沈阳黑石投资有限公司3,442,500人民币普通股3,442,500浙江九章资产管理有限公司－九章幻方中证500量化进取5号私募基金946,553人民币普通股946,553瑞士信贷（香港）",浙江九章资产,九章幻方中证500量化进取5号私募基金,yahoo,,510500.SS,中证500ETF,product_name,2020-09-30,22.350000381469727,-0.21661409591442993,-0.18673504627998638,1.0331624548548546,1.7508961724144285,1.0511010122718565,-0.3332338879400829,-0.07415844351275014,0.5243883519271249,57.11449126501375,1.1048012418891362,0.12257271542521031,28,-0.04071587614676664,0.031877709798982856,2020-10-29,21.440000534057617,2020-11-26,20.829999923706055,-0.028451520296493116,0.21268653695688045,-0.04524259312224688,0.02774941986503343,-0.05620094016152655,-0.28384279948809765,2020-10-29,21.440000534057617,2021-01-26,12.399999618530272,-0.42164182324376487,0.21268653695688045,-0.42257463591126376,0.06342608244064696,-0.4850679056844118
1209492736,000521,000521.SZ,长虹美菱,FY,2020-12-31,2021-03-30,2021-03-30,长虹美菱：2020年年度报告,宁波幻方量化,[],https://static.cninfo.com.cn/finalpage/2021-03-31/1209492736.PDF,宁波幻方,"境内一般法人 0.53% 5,552,151 +5,552,151 0 5,552,151 - - 宁波幻方量化投资管理合伙企业",verified_shareholder,110|111,"7970027,077,797--CAOSHENGCHUN境外自然人1.41%14,766,0860014,766,086--马国斌境内自然人1.27%13,231,054+3,358,120013,231,054--财通基金－宁波银行－海通兴泰（安徽）新兴产业投资基金（有限合伙）境内非国有法人1.03%10,733,4520010,733,452--辉立证券（香港）有限公司境外法人0.60%6,296,913006,296,913--长虹美菱股份有限公司回购专用证券账户境内一般法人0.53%5,552,151+5,552,15105,552,151--宁波幻方量化投资管理合伙企业（有限合伙）－幻方量化青溪5号私募证券投资基金境内非国有法人0.45%4,678,131+4,678,13104,678,131--顾杰境内自然人0.41%4,285,700+4,285,70004,285,700--战略投资者或一般法人因配售新股成为前10名股东的情况（如有）不适用上述股东关联关系或一致行动的说明上述股东中，长虹（香港）贸易有限公司（以下简称“香港长虹”）为四川长虹电器股份有限公司的全资子公司，香港长虹除直接持有本公司股票外，还通过辉立证券（香港）有限公司持有本公司B股股票6,296,913股，前述股东构成一致行动人。四川长虹、香港长虹与其他前6名股东（不包括辉立证券（香港）有限公司）之间不存在关联关系，也不属于《上市公司股东持股变动信息披露管理办法》中规定的一致行动人；“财通基金－宁波银行－海通兴泰（安徽）新兴产业投资基金（有限合伙）”系认购本公司2016年非公开发行股票的财通基金管理有限公司的产品。公司未知 || 普通股47,823,401长虹(香港)贸易有限公司27,077,797境内上市外资股27,077,797CAOSHENGCHUN14,766,086境内上市外资股14,766,086马国斌13,231,054人民币普通股13,231,054财通基金－宁波银行－海通兴泰（安徽）新兴产业投资基金（有限合伙）10,733,452人民币普通股10,733,452辉立证券（香港）有限公司6,296,913境内上市外资股6,296,913长虹美菱股份有限公司2020年年度报告110长虹美菱股份有限公司回购专用证券账户5,552,151境内上市外资股5,552,151宁波幻方量化投资管理合伙企业（有限合伙）－幻方量化青溪5号私募证券投资基金4,678,131人民币普通股4,678,131顾杰4,285,700人民币普通股4,285,700前10名无限售流通股股东之间，以及前10名无限售流通股股东和前10名股东之间关联关系或一致行动的说明详见“持股5%以上的股东或前10名股东持股情况”相关说明。前10名普通股股东参与融资融券业务情况说明（如有）截至2020年12月31日，公司前10名股东中，股东马国斌通过方正证券股份有限公司客户信用交易担保证券账户持有公司股份13,000,000股，通过其普通证券账户持有公司股份231,054股，合计持有公司股份数量为13,231,054股。股东顾杰通过招商证券股份有限公司客户信用交易担保证券账户持有公司股份4,285,700股。注1：本报告期末，公司控股股东四川长虹的一致行动人长虹(香港)贸易有限公司合计持有公司B股股票33,374,710股，其中，长虹(香港)贸易有限公司通过辉立证券",宁波幻方量化,幻方量化青溪5号私募证券投资基金,yahoo,,510300.SS,沪深300ETF,default,2020-12-31,5.187193393707275,0.7667636424230524,0.9934208862626757,0.8996865909946994,0.8121581796746977,0.7124494373507643,0.0,0.5916372478470682,0.8225002391926928,66.88595209303665,3.4587855798913356,0.08118813289611543,89,-0.39273922627246527,-0.4071082664312079,2021-03-31,3.149979073737037,2021-04-29,3.218456745147705,0.02173908772334432,0.12228263113356874,-0.04076091639199031,0.017706120535243786,0.0040329671881005336,-0.4168012950194445,2021-03-31,3.149979073737037,2021-07-02,2.879922866821289,-0.08573269872404632,0.1385869379093876,-0.08848651332569224,0.00590201050099215,-0.09163470922503847
1209853557,002647,002647.SZ,仁东控股,FY,2020-12-31,2021-04-28,2021-04-28,仁东控股：2020年年度报告,宁波幻方量化,[],https://static.cninfo.com.cn/finalpage/2021-04-29/1209853557.PDF,宁波幻方,"3,378,424 人民币普通股 3,378,424 仁东控股股份有限公司 2020 年年度报告全文 36 宁波幻方量化投资管理合伙企业",verified_shareholder,35|36,"8.63%48,312,11-20,979,9048,312,11质押48,312,117仁东控股股份有限公司2020年年度报告全文35限公司7537冻结48,312,117阿拉山口市民众创新股权投资有限合伙企业境内非国有法人5.04%28,197,7500028,197,750质押28,197,750冻结28,197,750仁东（天津）科技有限公司境内非国有法人2.54%14,219,358-15,261,600014,219,358质押10,880,958华泰证券股份有限公司国有法人0.60%3,378,424+3,378,42403,378,424宁波幻方量化投资管理合伙企业（有限合伙）－幻方量化青溪8号私募证券投资基金其他0.35%1,987,000+1,987,00001,987,000蒲通林境内自然人0.34%1,884,000+1,884,00001,884,000张青花境内自然人0.26%1,443,600+1,443,60001,443,600张坤境内自然人0.22%1,247,600+1,247,60001,247,600中国国际金融香港资产管理有限公司－客户资金2境外法人0.22%1,245,706+1,245,70601,245,706战略投资者或一般法人因配售新股成为前10名股东的情况（如有）（参见注3）不适用上述股东关联关系或一致行动的说明北京仁东信息技术有限公司与仁东（天津）科技有限公司系一致行动人。除此之外，公司未知其他股东是否存在关联关系或一致行动关系。上述股东涉及委托/受托表决权、放弃表决权情况的说明不适用前10名无限售条件股东持股情况股东名称报告期末持有无限售条件股份 || /受托表决权、放弃表决权情况的说明不适用前10名无限售条件股东持股情况股东名称报告期末持有无限售条件股份数量股份种类股份种类数量北京仁东信息技术有限公司125,923,847人民币普通股125,923,847天津和柚技术有限公司48,312,117人民币普通股48,312,117阿拉山口市民众创新股权投资有限合伙企业28,197,750人民币普通股28,197,750仁东（天津）科技有限公司14,219,358人民币普通股14,219,358华泰证券股份有限公司3,378,424人民币普通股3,378,424仁东控股股份有限公司2020年年度报告全文36宁波幻方量化投资管理合伙企业（有限合伙）－幻方量化青溪8号私募证券投资基金1,987,000人民币普通股1,987,000蒲通林1,884,000人民币普通股1,884,000张青花1,443,600人民币普通股1,443,600张坤1,247,600人民币普通股1,247,600中国国际金融香港资产管理有限公司－客户资金21,245,706人民币普通股1,245,706前10名无限售流通股股东之间，以及前10名无限售流通股股东和前10名股东之间关联关系或一致行动的说明北京仁东信息技术有限公司与仁东（天津）科技有限公司系一致行动人。除此之外，公司未知其他股东是否存在关联关系或一致行动关系。前10名普通股股东参与融资融券业务情况说明（如有）（参见注4）北京仁东信息技术有限公司通过普通证券账户持有91,178,330股，通过五矿证券有限公司客户信用交易担保证券账户持有34,745,517股，合计持股数量125,923,847股，占公司总股本的22.49%；张坤",宁波幻方量化,幻方量化青溪8号私募证券投资基金,yahoo,,510300.SS,沪深300ETF,default,2020-12-31,11.25,-0.6091035534540405,-0.8002485784630806,-0.6955345123758792,-0.5041868781310169,0.8748667756769649,-0.8249027237354085,-0.7127009180151214,-0.7093815509755181,34.413580439963226,4.55099575742836,0.15119999355740016,118,0.11911112467447915,-0.28139319319536316,2021-04-29,12.59000015258789,2021-06-01,12.890000343322754,0.023828450127000078,0.1540905128571053,-0.10722798769722275,0.04251164738019719,-0.018683197253197115,0.4885426212879691,2021-04-29,12.59000015258789,2021-07-30,8.449999809265137,-0.3288324299560689,0.1540905128571053,-0.39078633968742515,-0.049922136625093705,-0.27891029333097517
1209712984,300084,300084.SZ,海默科技,FY,2020-12-31,2021-04-16,2021-04-16,海默科技：2020年年度报告,宁波幻方量化,[],https://static.cninfo.com.cn/finalpage/2021-04-17/1209712984.PDF,宁波幻方,"1,892,690 人民币普通股 1,892,690 张宽宽 1,689,752 人民币普通股 1,689,752 宁波幻方量化投资管理合伙企业",verified_shareholder,76,"数量窦剑文17,184,203人民币普通股17,184,203李建国10,470,000人民币普通股10,470,000金正谦3,529,936人民币普通股3,529,936海默科技（集团）股份有限公司2020年年度报告全文75麦克传感器有限公司3,470,600人民币普通股3,470,600张立刚2,948,396人民币普通股2,948,396肖钦羡2,823,720人民币普通股2,823,720陈亮2,161,800人民币普通股2,161,800洪沁1,892,690人民币普通股1,892,690张宽宽1,689,752人民币普通股1,689,752宁波幻方量化投资管理合伙企业（有限合伙）－幻方量化青溪7号私募证券投资基金1,683,800人民币普通股1,683,800前10名无限售流通股股东之间，以及前10名无限售流通股股东和前10名股东之间关联关系或一致行动的说明张立刚为窦剑文之姐的配偶，二人具有关联关系。窦剑文、张立刚和张立强于2020年7月3日签署的一致行动协议，为一致行动人。参与融资融券业务股东情况说明（如有）（参见注5）无公司前10名普通股股东、前10名无限售条件普通股股东在报告期内是否进行约定购回交易□是√否公司前10名普通股股东、前10名无限售条件普通股股东在报告期内未进行约定购回交易。2、公司控股股东情况控股股东性质：自然人控股控股股东类型：自然人控股股东姓名国籍是否取得其他国家或地区居留权窦剑文中国否主要职业及职务海默科技（集团）股份有限公司创始人、董事长兼首席执行官报告期内控股和参股的其他境内外上市公司的股权情况无控股股东报告期内变更□适用√不适用公司报告期控股股东未发生变更。3",宁波幻方量化,幻方量化青溪7号私募证券投资基金,yahoo,,510300.SS,沪深300ETF,default,2020-12-31,4.179999828338623,-0.16733070832260366,-0.12552308684810354,-0.11814345354861422,-0.0736536685812641,0.5310992382586585,-0.32905299911054176,-0.15545322346667667,-0.06224551200838435,29.007617749706256,0.4383706045336893,0.04234449318653288,106,-0.01913873851469783,-0.1507176798791252,2021-04-19,4.099999904632568,2021-05-20,4.059999942779541,-0.009756088483765968,0.02682930148123064,-0.07560974390006048,0.046581959813833285,-0.05633804829759925,-0.050239188601081786,2021-04-19,4.099999904632568,2021-07-20,4.460000038146973,0.08780491265564216,0.24390244469764633,-0.07560974390006048,0.04154051685865556,0.0462643957969866
1210500562,300106,300106.SZ,西部牧业,FY,2020-12-31,2021-07-16,2021-07-16,西部牧业：2020年年度报告（更新后）,宁波幻方量化,[],https://static.cninfo.com.cn/finalpage/2021-07-16/1210500562.PDF,宁波幻方,"0 733,340 华泰证券股份有限公司 国有法人 0.34% 722,360 0 722,360 宁波幻方量化投资管理合伙企业",verified_shareholder,59,"股比例报告期末持股数量报告期内增减变动情况持有有限售条件的股份数量持有无限售条件的股份数量质押或冻结情况股份状态数量石河子国有资产经营（集团）有限公司国有法人41.82%88,378,171088,378,171陈荣境内自然人0.88%1,849,25001,849,250黄宣培境内自然人0.41%876,8000876,800马英霞境内自然人0.36%760,0000760,000新疆西部牧业股份有限公司2020年年度报告全文58廖红玲境内自然人0.35%733,3400733,340华泰证券股份有限公司国有法人0.34%722,3600722,360宁波幻方量化投资管理合伙企业（有限合伙）－幻方星月石11号私募基金其他0.28%600,9000600,900李慧境内自然人0.25%524,4000524,400刘林境内自然人0.25%520,9000520,900#鄢佳贵境内自然人0.19%404,3000404,300战略投资者或一般法人因配售新股成为前10名股东的情况（如有）（参见注4）无上述股东关联关系或一致行动的说明未发现公司上述股东之间存在关联关系或属于《上市公司股东持股变动信息披露管理办法》规定的一致行动人上述股东涉及委托/受托表决权、放弃表决权情况的说明无前10名无限售条件股东持股情况股东名称报告期末持有无限售条件股份数量股份种类股份种类数量石河子国有资产经营（集团）有限公司88,378,171人民币普通股88,378,171陈荣1,849,250人民币普通股1,849,250黄宣培876,800人民币普通股876,800马英霞760,000人民币普通股760,000廖红玲733,340",宁波幻方量化,幻方星月石11号私募基金,yahoo,,510300.SS,沪深300ETF,default,2020-12-31,13.050000190734863,0.010844333460686917,0.07495879914967452,0.800000026308257,1.0201238566057667,0.7141324183696554,-0.27660756494183436,-0.009637991714426697,0.3105765198155588,46.0233307315459,1.3039811760561915,0.09685823145521856,197,-0.29195405087592974,-0.003779231956957174,2021-07-19,9.239999771118164,2021-08-16,12.329999923706056,0.33441560921315494,0.4718615496052059,-0.006493448855910966,-0.025451695195585544,0.3598673044087405,-0.1572184426058162,2021-07-19,9.239999771118164,2021-10-22,12.039999961853027,0.3030303311788962,0.5292208294861243,-0.006493448855910966,-0.021565917213669628,0.32459624839256584
1209838203,300356,300356.SZ,光一科技,FY,2020-12-31,2021-04-27,2021-04-27,光一科技：2020年年度报告,宁波幻方量化,[],https://static.cninfo.com.cn/finalpage/2021-04-28/1209838203.PDF,宁波幻方,"2,199,100 人民币普通股 2,199,100 李德伟 2,190,500 人民币普通股 2,190,500 宁波幻方量化投资管理合伙企业",verified_shareholder,62,"10名无限售条件股东持股情况股东名称报告期末持有无限售条件股份数量股份种类股份种类数量江苏光一投资管理有限责任公司67,476,018人民币普通股67,476,018湖北乾瀚投资有限公司37,297,027人民币普通股37,297,027谢建明4,526,065人民币普通股4,526,065汤晶媚4,388,000人民币普通股4,388,000谢云龙2,309,700人民币普通股2,309,700任晶晶2,230,855人民币普通股2,230,855陈哲2,199,100人民币普通股2,199,100李德伟2,190,500人民币普通股2,190,500宁波幻方量化投资管理合伙企业（有限合伙）－九章幻方量化定制12号私募证券投资基金1,958,208人民币普通股1,958,208任昌兆1,745,385人民币普通股1,745,385前10名无限售流通股股东之间，以及前10名无限售流通股股东和前10名股东之间关联关系或一致行动的说明湖北乾瀚投资有限公司为董事任昌兆先生控制的企业，任晶晶女士为任昌兆先生之女；除此之外，前10名其它无限售流通股股东之间，公司未知是否存在关联关系或一致行动；前10名其它无限售流通股股东和前10名其它股东之间，公司未知是否存在关联关系或一致行动。光一科技股份有限公司2020年年度报告全文63参与融资融券业务股东情况说明（如有）（参见注5）公司前10名普通股股东、前10名无限售条件普通股股东在报告期内是否进行约定购回交易□是√否公司前10名普通股股东、前10名无限售条件普通股股东在报告期内未进行约定购回交易。2、公司控股股东情况控股股东性质：自然人控股控股股东类型：法人控股股东名称法",宁波幻方量化,九章幻方量化定制12号私募证券投资基金,sina_unadjusted,,510300.SS,沪深300ETF,default,2020-12-31,5.32,-0.2233576642335766,-0.10588235294117643,-0.19999999999999996,-0.39407744874715256,0.5753427059381496,-0.42110990206746457,-0.1745539177657096,-0.1431585559322579,25.139664804469305,0.7549469259385098,0.05977443609022557,117,-0.17481203007518809,-0.2326454033771107,2021-04-28,4.39,2021-06-01,3.14,-0.28473804100227784,0.04328018223234631,-0.3211845102505694,0.05422991460348148,-0.3389679556057593,-0.13508442776735452,2021-04-28,4.39,2021-07-30,3.16,-0.2801822323462414,0.04328018223234631,-0.3211845102505694,-0.039242863818951146,-0.24093936852729025
1209809264,300375,300375.SZ,鹏翎股份,FY,2020-12-31,2021-04-26,2021-04-26,鹏翎股份：2020年年度报告,宁波幻方量化,[],https://static.cninfo.com.cn/finalpage/2021-04-27/1209809264.PDF,宁波幻方,"3,765,100 人民币普通股 3,765,100 #张秀 3,478,010 人民币普通股 3,478,010 宁波幻方量化投资管理合伙企业",verified_shareholder,56,"数量股份种类股份种类数量第一创业证券－国华人寿保险股份有限公司－第一创业证券优质成长单一资产管理计划9,953,000人民币普通股9,953,000刘新廷7,202,876人民币普通股7,202,876徐鹤林6,600,270人民币普通股6,600,270王泽祥6,598,555人民币普通股6,598,555天津鹏翎集团股份有限公司2020年年度报告全文56天津金镒泰股权投资基金合伙企业（有限合伙）3,917,517人民币普通股3,917,517#陈雪飞3,765,100人民币普通股3,765,100#张秀3,478,010人民币普通股3,478,010宁波幻方量化投资管理合伙企业（有限合伙）－九章幻方量化定制11号私募证券投资基金2,917,442人民币普通股2,917,442吕蒙生2,731,100人民币普通股2,731,100迟兆兰2,502,622人民币普通股2,502,622前10名无限售流通股股东之间，以及前10名无限售流通股股东和前10名股东之间关联关系或一致行动的说明未知以上股东是否属于《上市公司收购管理办法》中规定的一致行动人。参与融资融券业务股东情况说明（如有）（参见注5）1.股东陈雪飞通过华福证券有限责任公司客户信用交易担保证券账户持有3,765,100股，通过普通证券账户持有0股，合计持股数量为3,765,100股。2.股东张秀通过申万宏源西部证券有限公司客户信用交易担保证券账户持有3,478,010股，通过普通证券账户持有0股，合计持股数量为3,478,010股。公司前10名普通股股东、前10名无限售条件普通股股东在报告期内是否进行约定购回交易□是√否公司前10名普通股股东、前1",宁波幻方量化,九章幻方量化定制11号私募证券投资基金,yahoo,,510300.SS,沪深300ETF,default,2020-12-31,4.751781940460205,-0.12078144964525839,-0.006024175099657358,0.2659846584679417,0.3983050484769495,0.6281645625171861,-0.28052320785627627,-0.11499679454387801,0.08303248636459926,45.45454838682625,0.34465910633535934,0.044646505745500616,116,-0.18585854138569624,-0.24340779081103014,2021-04-27,3.8686226800233783,2021-05-28,3.9166200160980225,0.012406827970711909,0.04218358166309355,-0.10173706190937226,0.049606201449855725,-0.037199373479143816,-0.23326577113756397,2021-04-27,3.8686226800233783,2021-07-28,3.993416547775269,0.0322579579539497,0.18610419360072283,-0.10173706190937226,-0.0513779955199728,0.0836359534739225
1209739841,300402,300402.SZ,宝色股份,FY,2020-12-31,2021-04-20,2021-04-20,宝色股份：2020年年度报告,浙江九章资产,[],https://static.cninfo.com.cn/finalpage/2021-04-21/1209739841.PDF,宁波幻方,"王正先 境内自然人 0.28% 574,700 20,000 574,700 浙江九章资产管理有限公司－幻方星月石",verified_shareholder,67,"称股东性质持股比例报告期末持股数量报告期内增减变动情况持有有限售条件的股份数量持有无限售条件的股份数量质押或冻结情况股份状态数量南京宝色股份公司2020年年度报告全文67宝钛集团有限公司国有法人57.52%116,200,0000116,200,000山西华鑫海贸易有限公司境内非国有法人10.22%20,650,000020,650,000中央汇金资产管理有限责任公司国有法人1.30%2,630,00002,630,000牛辉亮境内自然人0.30%596,000596,000596,000王正先境内自然人0.28%574,70020,000574,700浙江九章资产管理有限公司－幻方星月石7号私募基金其他0.28%571,900571,900571,900黄佳星境内自然人0.22%448,000448,000448,000丁洪波境内自然人0.18%355,600-52,100355,600逄方境内自然人0.16%328,800328,800328,800许振海境内自然人0.16%325,900325,900325,900战略投资者或一般法人因配售新股成为前10名股东的情况（如有）（参见注4）不适用上述股东关联关系或一致行动的说明宝钛集团有限公司为公司控股股东，山西华鑫海贸易有限公司为公司第二大股东，两股东之间不存在关联关系和一致行动关系。除此之外，未知上述股东之间是否存在关联关系，也未知是否属于一致行动人。上述股东涉及委托/受托表决权、放弃表决权情况的说明不适用前10名无限售条件股东持股情况股东名称报告期末持有无限售条件股份数量股份种类股份种类数量宝钛集团有限公司116,200,000人民币普通股11",浙江九章资产,幻方星月石7号私募基金,yahoo,,510300.SS,沪深300ETF,default,2020-12-31,15.889995574951172,-0.14898994490608575,0.09202840476076246,0.8157265922578296,0.8196355763742988,0.9706449576574496,-0.33661416366656915,-0.17317660273951174,0.26692168732961363,26.733776129546627,0.895098077069207,0.07504451542746113,110,-0.12106815102170898,-0.20899934760998018,2021-04-21,13.966223190948696,2021-05-24,12.561111450195312,-0.10060785378712955,0.009452942260195885,-0.1343686945202308,0.022578774304239824,-0.12318662809136938,-0.12255766161096349,2021-04-21,13.966223190948696,2021-07-22,14.946969985961914,0.07022276399311922,0.0972315139638853,-0.1343686945202308,0.0316894819212481,0.03853328207187112
1209832054,300647,300647.SZ,超频三,FY,2020-12-31,2021-04-27,2021-04-27,超频三：2020年年度报告,宁波幻方量化,[],https://static.cninfo.com.cn/finalpage/2021-04-28/1209832054.PDF,宁波幻方,"覃荣林 1,010,000人民币普通股1,010,000陈书洁 912,066人民币普通股912,066宁波幻方量化投资管理合伙企业",verified_shareholder,115,"48人民币普通股34,020,348云南吉信泰富企业管理中心（有限合伙）16,402,500人民币普通股16,402,500黄晓娴14,109,773人民币普通股14,109,773云南智业恒企业管理中心（有限合伙）10,036,382人民币普通股10,036,382张魁3,193,088人民币普通股3,193,088杭州赢海投资管理合伙企业（有限合伙）1,366,362人民币普通股1,366,362深圳市超频三科技股份有限公司2020年年度报告全文115覃荣林1,010,000人民币普通股1,010,000陈书洁912,066人民币普通股912,066宁波幻方量化投资管理合伙企业（有限合伙）－幻方星月石11号私募基金750,400人民币普通股750,400华泰证券股份有限公司641,666人民币普通股641,666前10名无限售流通股股东之间，以及前10名无限售流通股股东和前10名股东之间关联关系或一致行动的说明1、益阳高新产业投资有限公司为公司持股5%以上股东，与前十名无限售流通股股东不存在关联关系或一致行动关系。2、黄海燕为公司原副总经理，与杭州赢海投资管理合伙企业（有限合伙）为一致行动人关系；3、除此之外，公司未知其他前十名无限售流通股股东之间是否存在关联关系，也未知是否属于一致行动人。参与融资融券业务股东情况说明（如有）（参见注5）不适用公司前10名普通股股东、前10名无限售条件普通股股东在报告期内是否进行约定购回交易□是√否公司前10名普通股股东、前10名无限售条件普通股股东在报告期内未进行约定购回交易。2、公司控股股东情况控股股东性质：自然人控股控股股东类型：自然人控股股东姓名国籍是否取得其",宁波幻方量化,幻方星月石11号私募基金,yahoo,,510300.SS,沪深300ETF,default,2020-12-31,12.279999732971191,-0.016025626330215204,0.09545046308501992,0.31759658101606814,0.31768193002626366,0.8334178660047317,-0.2982857295445034,-0.08688024362913949,0.17336219157162214,54.48613384449016,0.6359764111866406,0.05684040780295102,117,-0.2980455966611457,-0.2594681955375111,2021-04-28,8.619999885559082,2021-05-31,9.289999961853027,0.07772622798016315,0.14617172222852237,-0.018561467463607983,0.05265230882772709,0.025073919152436064,-0.29008859565345824,2021-04-28,8.619999885559082,2021-07-29,10.130000114440918,0.17517404279917792,0.3921113873914739,-0.018561467463607983,-0.03253788336155372,0.20771192616073164
1209454273,300797,300797.SZ,钢研纳克,FY,2020-12-31,2021-03-25,2021-03-25,钢研纳克：2020年年度报告,浙江九章资产,[],https://static.cninfo.com.cn/finalpage/2021-03-26/1209454273.PDF,宁波幻方,"867,645 #丁祖水 458,900 人民币普通股 458,900 浙江九章资产管理有限公司－九章幻方青溪",verified_shareholder,73,"人1.40%3,470,767003,470,767SANCMATERIALINC.境外法人0.84%2,093,982减持1,810,700股02,093,982中关村发展集国有法人0.83%2,049,222减持553,90002,049,222钢研纳克检测技术股份有限公司2020年年度报告全文73团股份有限公司股林强境内自然人0.62%1,529,4001,529,40001,529,400北京龙磐创业投资中心（有限合伙）境内非国有法人0.35%867,64500867,645#丁祖水境内自然人0.18%458,900458,9000458,900浙江九章资产管理有限公司－九章幻方青溪3号私募基金其他0.13%328,500328,5000328,500上述股东关联关系或一致行动的说明钢研大慧投资有限公司系中国钢研科技集团有限公司的控股子公司，为一致行动人。前10名无限售条件股东持股情况股东名称报告期末持有无限售条件股份数量股份种类股份种类数量中国检验认证集团测试技术有限公司3,470,767人民币普通股3,470,767北京金基业工贸集团有限责任公司3,470,767人民币普通股3,470,767SANCMATERIALINC.2,093,982人民币普通股2,093,982中关村发展集团股份有限公司2,049,222人民币普通股2,049,222林强1,529,400人民币普通股1,529,400北京龙磐创业投资中心（有限合伙）867,645人民币普通股867,645#丁祖水458,900人民币普通股458,900浙江九章资产管理有限公司－九章幻方青溪3号私募基金328,500人民币普通股3",浙江九章资产,九章幻方青溪3号私募基金,yahoo,,510300.SS,沪深300ETF,default,2020-12-31,10.153862953186035,-0.14178713000335474,-0.061439578310151566,-0.04375566100562367,-0.3758777756245063,0.8241156729895132,-0.4217737692425333,-0.18566288210400017,-0.08779790429368106,32.30759558728528,0.3653336316987111,0.04270573518395501,84,-0.06483768671160883,-0.07975070119028549,2021-03-26,9.495509968114748,2021-04-26,9.685419082641602,0.01999988575279854,0.10999977931975624,-0.031333446502685436,0.025454653018354145,-0.0054547672655556045,0.02242988684888858,2021-03-26,9.495509968114748,2021-06-29,9.192991256713867,-0.03185913262338902,0.10999977931975624,-0.07733351542424616,0.05555557359880536,-0.08741470622219438
1209772974,300817,300817.SZ,双飞股份,FY,2020-12-31,2021-04-22,2021-04-22,双飞股份：2020年年度报告,浙江九章资产,[],https://static.cninfo.com.cn/finalpage/2021-04-23/1209772974.PDF,宁波幻方,"125,000 王可龙 123,100 人民币普通股 123,100 浙江九章资产管理有限公司－九章幻方青溪",verified_shareholder,58,"年年度报告全文58情况（如有）（参见注4）上述股东关联关系或一致行动的说明周引春、顾美娟为夫妻关系，顺飞投资、腾飞投资系周引春实际控制企业。上述股东涉及委托/受托表决权、放弃表决权情况的说明无前10名无限售条件股东持股情况股东名称报告期末持有无限售条件股份数量股份种类股份种类数量康健675,966人民币普通股675,966吕良丰402,160人民币普通股402,160吴美枝200,000人民币普通股200,000彭馨慧158,300人民币普通股158,300法国兴业银行125,000人民币普通股125,000王可龙123,100人民币普通股123,100浙江九章资产管理有限公司－九章幻方青溪2号私募基金117,000人民币普通股117,000李毓璇109,423人民币普通股109,423吕良三107,500人民币普通股107,500吴红梅93,849人民币普通股93,849前10名无限售流通股股东之间，以及前10名无限售流通股股东和前10名股东之间关联关系或一致行动的说明公司未获知前10名无限售流通股股东之间，以及前10名无限售流通股股东和前10名股东之间是否存在关联关系或一致行动关系。参与融资融券业务股东情况说明（如有）（参见注5）不适用公司前10名普通股股东、前10名无限售条件普通股股东在报告期内是否进行约定购回交易□是√否浙江双飞无油轴承股份有限公司2020年年度报告全文59公司前10名普通股股东、前10名无限售条件普通股股东在报告期内未进行约定购回交易。2、公司控股股东情况控股股东性质：自然人控股控股股东类型：自然人控股股东姓名国籍是否取得其他国家或地区居留权周引春中国否顾美娟中国否主要职业及",浙江九章资产,九章幻方青溪2号私募基金,yahoo,,510300.SS,沪深300ETF,default,2020-12-31,14.560467720031738,-0.2088901580286232,-0.1647238582800281,-0.05022662918771925,,0.6538369858224541,-0.3887766835971441,-0.21405519941059914,-0.10425147456132944,25.485932003899052,0.4026469407299258,0.050991499840109686,112,-0.11861920385550762,-0.12021655388991215,2021-04-23,12.833316631317755,2021-05-26,13.924148559570312,0.08500000113692718,0.15625000407681622,-0.005000015449524331,0.04861266724113111,0.03638733389579607,-0.19819490783697025,2021-04-23,12.833316631317755,2021-07-26,15.880398750305176,0.23743527932221986,0.3115303133324845,-0.03727025046023058,-0.01948424714346464,0.2569195264656845
1209737740,300827,300827.SZ,上能电气,FY,2020-12-31,2021-04-20,2021-04-20,上能电气：2020年年度报告,浙江九章资产,[],https://static.cninfo.com.cn/finalpage/2021-04-21/1209737740.PDF,宁波幻方,"144,400 赵光 121,800 人民币普通股 121,800 浙江九章资产管理有限公司－九章幻方明德",verified_shareholder,84,"00人民币普通股381,200太平人寿保险有限公司321,600人民币普通股321,600中国银行股份有限公司－华泰柏瑞中证光伏产业交易型开放式指数证券投资基金318,700人民币普通股318,700邵再亚304,600人民币普通股304,600太平资管－招商银行－太平资产量化17号资管产品294,574人民币普通股294,574李明睿153,500人民币普通15,350上能电气股份有限公司2020年年度报告全文84股杭州羲和资产管理有限公司－羲和恒跃1号私募证券投资基金144,400人民币普通股144,400赵光121,800人民币普通股121,800浙江九章资产管理有限公司－九章幻方明德1号私募基金121,100人民币普通股121,100前10名无限售流通股股东之间，以及前10名无限售流通股股东和前10名股东之间关联关系或一致行动的说明公司控股股东、实际控制人吴强、公司实际控制人吴超为父子关系。吴强持有朔弘投资48.95%的出资份额、云峰投资33.00%的出资份额、华峰投资40.89%的出资份额、大昕投资62.65%的出资份额，为云峰投资、华峰投资、大昕投资唯一执行事务合伙人。吴超亦持有朔弘投资4.90%出资份额，为朔弘投资唯一执行事务合伙人。除以上股东之间的关联关系外，公司未知其他股东之间是否存在关联关系，也未知是否属于一致行动人。参与融资融券业务股东情况说明（如有）（参见注5）公司股东张献国通过国泰君安证券股份有限公司客户信用交易担保证券账户持有381,200股，未通过普通证券账户持有公司股份。公司股东李明睿通过民生证券股份有限公司客户信用交易担保证券账户持有153,500股，未通过普通证券账",浙江九章资产,九章幻方明德1号私募基金,yahoo,,510300.SS,沪深300ETF,default,2020-12-31,17.10409164428711,0.41797372102848995,0.31058651262759995,0.6469507892029089,,0.8100392100106054,0.0,0.26543873048673383,,71.21273461977525,1.2276039333758177,0.06038276178655234,110,-0.34758306214087764,-0.16481024586669923,2021-04-21,11.158999095427596,2021-05-24,11.524590492248535,0.03276202405740314,0.11009522512581538,-0.08285702743717693,0.022578774304239824,0.010183249753163315,-0.2974683853372233,2021-04-21,11.158999095427596,2021-07-22,23.37862014770508,1.0950463341541519,1.0950463341541519,-0.08285702743717693,0.0316894819212481,1.0633568522329038
1209676796,300828,300828.SZ,锐新科技,FY,2020-12-31,2021-04-12,2021-04-12,锐新科技：2020年年度报告,浙江九章资产,[],https://static.cninfo.com.cn/finalpage/2021-04-13/1209676796.PDF,九章幻方,"187,600 人民币普通股 187,600 张顺 180,000 人民币普通股 180,000 浙江九章资产管理有限公司",verified_shareholder,53,"有）（参见注4）无上述股东关联关系或一致行动的说明上述前10名股东中国占昌和王静为夫妻关系，国佳为二人之女；上海虢实投资合伙企业（有限合伙）、上海虢合投资合伙企业（有限合伙）和上海虢盛投资合伙企业（有限合伙）同属执行事务合伙人上海虢盛投资管理有限公司控制；公司未知上述其他股东是否存在关联关系或一致行动关系。前10名无限售条件股东持股情况股东名称报告期末持有无限售条件股份数量股份种类股份种类数量胡书鹏199,100人民币普通股199,100中信里昂资产管理有限公司－客户资金187,600人民币普通股187,600张顺180,000人民币普通股180,000浙江九章资产管理有限公司－141,100人民币普通141,100天津锐新昌科技股份有限公司2020年年度报告全文53幻方星月石私募基金股王学银138,000人民币普通股138,000上海明汯投资管理有限公司－明汯价值成长1期私募投资基金126,000人民币普通股126,000黄旭106,000人民币普通股106,000华鑫证券有限责任公司96,500人民币普通股96,500瑞士信贷（香港）有限公司93,697人民币普通股93,697胡冬林83,100人民币普通股83,100前10名无限售流通股股东之间，以及前10名无限售流通股股东和前10名股东之间关联关系或一致行动的说明公司未知上述股东之间是否存在关联关系，也未知是否属于一致行动人。参与融资融券业务股东情况说明（如有）（参见注5）公司股东张顺通过信用证券账户持有180,000股，通过普通证券账户持有0股，实际合计持有180,000股；公司前10名普通股股东、前10名无限售条件普通股股东在报告期内是否进",浙江九章资产,幻方星月石私募基金,yahoo,,510300.SS,沪深300ETF,default,2020-12-31,17.2176513671875,-0.1909092954284488,0.02584683996383008,-0.03546797071594887,,0.8459574928561803,-0.3495017823649781,-0.18097707966887733,,33.154144329993116,0.5762173175665452,0.05960163800141306,102,-0.19713983454436734,-0.09173681713346171,2021-04-13,13.823366425417555,2021-05-14,12.146740913391112,-0.12128923305856731,0.03774371516228037,-0.16115357265945174,0.03659517753812458,-0.1578844105966919,-0.15615492323953595,2021-04-13,13.823366425417555,2021-07-14,12.07455348968506,-0.12651136357905446,0.07519535957642942,-0.16115357265945174,0.039021392321320736,-0.1655327559003752
1209726468,300879,300879.SZ,大叶股份,FY,2020-12-31,2021-04-19,2021-04-19,大叶股份：2020年年度报告,浙江九章资产,[],https://static.cninfo.com.cn/finalpage/2021-04-20/1209726468.PDF,宁波幻方,"NATIONALASSOCIATION128,754人民币普通股128,754浙江九章资产管理有限公司－九章幻方青溪",verified_shareholder,66,"461,900人民币普通股461,900黄江华258,886人民币普通股258,886中信里昂资产管理有限公司－客户资金216,809人民币普通股216,809李明昌164,000人民币普通股164,000上海明汯投资管理有限公司－明汯价值成长1期私募投资基金134,390人民币普通股134,390赵演才133,700人民币普通股133,700蔡云华129,000人民币普通股129,000宁波大叶园林设备股份有限公司2020年年度报告全文66JPMORGANCHASEBANK,NATIONALASSOCIATION128,754人民币普通股128,754浙江九章资产管理有限公司－九章幻方青溪2号私募基金117,000人民币普通股117,000李万平114,800人民币普通股114,800前10名无限售流通股股东之间，以及前10名无限售流通股股东和前10名股东之间关联关系或一致行动的说明公司未知前10名无限售流通股股东之间是否存在关联关系，也未知是否属于《上市收购管理办法》规定的一致行动人。公司未知前10名无限售流通股股东和前10名股东之间是否存在关联关系，也未知是否属于《上市收购管理办法》规定的一致行动人。参与融资融券业务股东情况说明（如有）（参见注5）公司股东黄江华通过普通证券账户持有0股，通过安信证券股份有限公司客户信用交易担保证券账户持有258,886股，合计持有258,886股。公司股东李明昌通过普通证券账户持有124,000股，通过海通证券股份有限公司客户信用交易担保证券账户持有40,000股，合计持有164,000股。公司股东蔡云华通过普通证券账户持有0股，通过国信证券股份有限公司客户信用",浙江九章资产,九章幻方青溪2号私募基金,yahoo,,510300.SS,沪深300ETF,default,2020-12-31,27.927671432495117,-0.1649393021397123,-0.15594138940075186,,,0.5447200659583982,-0.5970852891832794,-0.1929391029830072,,19.766209317447377,0.37126489315890787,0.04585106575223127,109,-0.04397164133982634,0.19328617737653486,2021-04-20,26.699645880808927,2021-05-21,23.26315689086914,-0.12870915986229814,0.03857573333130926,-0.13724029932335258,0.012620735624705892,-0.14132989548700403,-0.02049474429864273,2021-04-20,26.699645880808927,2021-07-21,20.901630401611328,-0.21715701792753273,0.03857573333130926,-0.23652319779980058,0.026227455400485766,-0.2433844733280185
1209795885,300883,300883.SZ,龙利得,FY,2020-12-31,2021-04-23,2021-04-23,龙利得：2020年年度报告,浙江九章资产,[],https://static.cninfo.com.cn/finalpage/2021-04-24/1209795885.PDF,宁波幻方,"287,200 龙利得智能科技股份有限公司 2020 年年度报告全文 60 浙江九章资产管理有限公司－九章幻方中证",verified_shareholder,60,"重大影响除上述股东外，公司未知其他股东之间是否存在关联关系或为一致行动人。前10名无限售条件股东持股情况股东名称报告期末持有无限售条件股份数量股份种类股份种类数量中信里昂资产管理有限公司－客户资金612,755人民币普通股612,755顾明393,085人民币普通股393,085王斌305,300人民币普通股305,300上海明汯投资管理有限公司－明汯价值成长1期私募投资基金295,500人民币普通股295,500王银川294,763人民币普通股294,763陈彪287,200人民币普通股287,200龙利得智能科技股份有限公司2020年年度报告全文60浙江九章资产管理有限公司－九章幻方中证500量化进取5号私募基金279,700人民币普通股279,700华泰金融控股（香港）有限公司－自有资金251,877人民币普通股251,877高贵萍240,400人民币普通股240,400陆家驹232,300人民币普通股232,300前10名无限售流通股股东之间，以及前10名无限售流通股股东和前10名股东之间关联关系或一致行动的说明公司未知前10名无限售条件普通股东之间是否存在关联关系或是否属于《上市公司收购管理办法》规定的一致行动人。参与融资融券业务股东情况说明（如有）（参见注5）股东王银川通过普通证券账户持有0股，通过光大证券股份有限公司客户信用交易担保证券账户持有294,763股，实际合计持有294,763股。公司前10名普通股股东、前10名无限售条件普通股股东在报告期内是否进行约定购回交易□是√否公司前10名普通股股东、前10名无限售条件普通股股东在报告期内未进行约定购回交易。2、公司控股股东情况控股股东",浙江九章资产,九章幻方中证500量化进取5号私募基金,yahoo,,510500.SS,中证500ETF,product_name,2020-12-31,14.80571746826172,-0.19763053520205487,-0.18221734704778136,,,0.7365880869931895,-0.4110671540918771,-0.22726659876731536,,28.47101059128488,0.35392997594706954,0.049261736628309113,113,-0.15369128850542346,0.017333330468896513,2021-04-26,12.53020767331732,2021-05-27,12.947550773620604,0.03330695796782379,0.06502770169238081,-0.06661378247711247,0.03582755882837185,-0.002520600860548061,-0.054666658930066836,2021-04-26,12.53020767331732,2021-07-27,10.462807655334473,-0.16499327639918615,0.06502770169238081,-0.17213684550257802,0.05450861054393097,-0.21950188694311712
1209484270,600081,600081.SS,东风科技,FY,2020-12-31,2021-03-30,2021-03-30,东风科技：东风电子科技股份有限公司2020年年度报告,浙江九章资产,[],https://static.cninfo.com.cn/finalpage/2021-03-31/1209484270.PDF,宁波幻方,"周亚芬 50,000 868,600 0.28 0 无 0 境内自然人 浙江九章资产管理有限公司－九章幻方中证",verified_shareholder,56,"通股股东总数(户)29,519(二)截止报告期末前十名股东、前十名流通股东（或无限售条件股东）持股情况表单位:股前十名股东持股情况股东名称（全称）报告期内增减期末持股数量比例(%)持有有限售条件股份数量质押或冻结情况股东性质股份状态数量东风汽车零部件(集团)有限公司0203,814,000650无0国有法人王婷1,220,0001,220,0000.390无0境内自然人中国国际金融香港资产管理有限公司－客户资金21,061,8671,061,8670.340无0境外法人2020年年度报告56/220周亚芬50,000868,6000.280无0境内自然人浙江九章资产管理有限公司－九章幻方中证500量化进取4号私募基金850,800850,8000.270无0未知上海明汯投资管理有限公司－明汯朱庇特2号私募证券投资基金807,805807,8050.260无0未知张恩权-689,290680,0000.220无0境内自然人季华兴532,900532,9000.170无0境内自然人谷立志100,000501,9790.160无0境内自然人张艺华143,300435,9000.140无0境内自然人前十名无限售条件股东持股情况股东名称持有无限售条件流通股的数量股份种类及数量种类数量东风汽车零部件(集团)有限公司203,814,000人民币普通股203,814,000王婷1,220,000人民币普通股1,220,000中国国际金融香港资产管理有限公司－客户资金21,061,867人民币普通股1,061,867周亚芬868,600人民币普通股868,600浙江九章资产管理有限公司－九章幻方中证500量化进取4号私",浙江九章资产,九章幻方中证500量化进取4号私募基金,yahoo,,510500.SS,中证500ETF,product_name,2020-12-31,16.355199813842773,0.3811379474912657,0.5935250902798117,0.6123748152549575,0.4631117684481685,0.6219165874965391,-0.034858432674480744,0.35879143813461134,0.5534243694909817,78.0281555953529,2.260808928984632,0.06769186293008637,89,-0.3668171041572441,-0.3486735317754065,2021-03-31,10.35583278021587,2021-04-29,11.149595260620115,0.0766488313639706,0.21746874869517074,-0.05258467656967014,0.03686724556793375,0.039781585796036856,-0.3979426114016985,2021-03-31,10.35583278021587,2021-07-02,14.112360000610352,0.36274506359074055,0.41532982397789153,-0.05258467656967014,0.07272494461055024,0.2900201189801903
1217360305,600257,600257.SS,大湖股份,FY,2020-12-31,2023-07-21,2021-04-29,大湖股份：大湖水殖股份有限公司2020年年度报告（更正后）,宁波幻方量化,[],https://static.cninfo.com.cn/finalpage/2023-07-22/1217360305.PDF,宁波幻方,"未知 华泰证券股份有限公司 2,332,112 2,352,003 0.49 0 未知 0 未知 宁波幻方量化投资管理合伙企业",verified_shareholder,34,"展有限公司0104,631,21121.740质押64,660,000境内非国有法人西藏小喜企业管理有限公司09,852,2162.050未知0未知深圳市瑞丰林投资管理中心（有限合伙）04,926,1081.020质押4,926,108其他JPMORGANCHASEBANK,NATIONALASSOCIATION3,570,6573,631,7320.750未知0未知朱世国551,7873,002,9280.620未知0未知顾兴华31,8002,520,0990.520未知0未知华泰证券股份有限公司2,332,1122,352,0030.490未知0未知宁波幻方量化投资管理合伙企业（有限合伙）－九章幻方量化定制11号私募证券投资基金2,348,3002,348,3000.490未知0未知余嘉明2,336,8002,336,8000.490未知0未知邵平02,000,0000.420未知0未知前十名无限售条件股东持股情况股东名称持有无限售条件流通股的数量股份种类及数量种类数量西藏泓杉科技发展有限公司104,631,211人民币普通股104,631,211西藏小喜企业管理有限公司9,852,216人民币普通股9,852,216深圳市瑞丰林投资管理中心（有限合伙）4,926,108人民币普通股4,926,108JPMORGANCHASEBANK,NATIONALASSOCIATION3,631,732人民币普通股3,631,732朱世国3,002,928人民币普通股3,002,928顾兴华2,520,099人民币普通股2,520,099华泰证券股份有限公司2,352,003人民币普通股2,352,003宁波幻方",宁波幻方量化,九章幻方量化定制11号私募证券投资基金,yahoo,,510300.SS,沪深300ETF,default,2020-12-31,5.75,0.11434111822382964,0.40586791821065527,0.4520201880327843,0.34976518569560233,0.7888159384859127,-0.13663661685603645,0.1651941348070829,0.3331942160736805,50.90439489801538,2.63014633834059,0.09713042715321417,119,-0.006956515104874272,-0.1574394967503714,2021-04-30,5.710000038146973,2021-06-02,7.650000095367432,0.33975482386336964,0.4500875092214962,-0.02451836524523543,0.027513931860957852,0.3122408920024118,-0.18685127358827947,2021-04-30,5.710000038146973,2021-08-02,6.289999961853027,0.10157616809653791,0.6584939060879662,-0.02451836524523543,-0.03255187964198025,0.13412804773851816
1209681003,600313,600313.SS,农发种业,FY,2020-12-31,2021-04-13,2021-04-13,农发种业：农发种业2020年年度报告全文,宁波幻方量化,[],https://static.cninfo.com.cn/finalpage/2021-04-14/1209681003.PDF,宁波幻方,"4,574,628 0.42 未知 国有法人 张紫阳 3,986,900 0.37 未知 境内自然人 宁波幻方量化投资管理合伙企业",verified_shareholder,49,"22,000,000中国农业发展集团有限公司0157,718,12014.57无国有法人郭文江047,607,0034.4047,607,003质押47,607,003境内自然人宋全启015,194,5531.4015,194,553质押15,194,553境内自然人张卫南011,673,1531.08未知境内自然人现代种业发展基金有限公司-10,664,3009,595,1020.89未知国有法人吕涛9,2005,309,2000.49未知境内自然人华泰证券股份有限公司4,574,6280.42未知国有法人张紫阳3,986,9000.37未知境内自然人宁波幻方量化投资管理合伙企业（有限合伙）－幻方量化青溪8号私募证券投资基金2,852,5000.26未知未知前十名无限售条件股东持股情况股东名称持有无限售条件流通股的数量股份种类及数量种类数量中国农垦集团有限公司250,250,000人民币普通股250,250,000中国农业发展集团有限公司157,718,120人民币普通股157,718,120张卫南11,673,153人民币普通股11,673,153现代种业发展基金有限公司9,595,102人民币普通股9,595,102吕涛5,309,200人民币普通股5,309,200华泰证券股份有限公司4,574,628人民币普通股4,574,628张紫阳3,986,900人民币普通股3,986,900宁波幻方量化投资管理合伙企业（有限合伙）－幻方量化青溪8号私募证券投资基金2,852,500人民币普通股2,852,500金雷2,733,000人民币普通股2,733,000程亚男1,759,700人民币普通股1,7",宁波幻方量化,幻方量化青溪8号私募证券投资基金,yahoo,,510300.SS,沪深300ETF,default,2020-12-31,5.890700817108154,0.3532110418350143,0.30820402048108875,0.5404700731922161,1.1146955368363503,0.5207419061422386,-0.09647777071266506,0.2570309156874957,0.3443464004759744,62.49999607245411,1.7782238450067793,0.07788135712102247,103,-0.18644067821932464,-0.12033902828460963,2021-04-14,4.79243456157938,2021-05-17,4.762481689453125,-0.006250032575590203,0.056250020027916126,-0.08125003831853062,0.047657648605092584,-0.05390768118068279,-0.18474575238439994,2021-04-14,4.79243456157938,2021-07-15,4.4929070472717285,-0.06250007391002133,0.056250020027916126,-0.11875004400779354,0.05149431476191069,-0.11399438867193201
1209418915,600956,600956.SS,新天绿能,FY,2020-12-31,2021-03-19,2021-03-19,新天绿能：新天绿能2020年年度报告,宁波幻方量化,[],https://static.cninfo.com.cn/finalpage/2021-03-20/1209418915.PDF,宁波幻方,"880,800 人民币普通股 沈晓明 807,100 人民币普通股 夏红艳 806,000 人民币普通股 宁波幻方量化投资管理合伙企业",verified_shareholder,59,"东（或无限售条件股东）持股情况表单位:股前十名股东持股情况股东名称（全称）报告期内增减期末持股数量比例(%)持有有限售条件股份数量质押或冻结情况股东性质股份状态数量河北建设投资集团有限责任公司1,876,156,0001,876,156,00048.731,876,156,000无国有法人HKSCCNOMINEESLIMITED(1)-90,0001,834,687,29547.66未知境外法人胡林琴880,800880,8000.02无境内自然人沈晓明807,100807,1000.02无境内自然人夏红艳806,000806,0000.02无境内自然人宁波幻方量化投资管理合伙企业（有限合伙）－幻方量化青溪5号私募证券投资基金772,700772,7000.02无其他刘加770,900770,9000.02无境内自然人韩健752,028752,0280.02无境内自然人香港中央结算有限公司728,716728,7160.02无其他汪燕520,000520,0000.01无境内自然人前十名无限售条件股东持股情况股东名称持有无限售条件流通股的数量股份种类及数量种类数量HKSCCNOMINEESLIMITED(1)1,834,687,295境外上市外资股1,834,687,295胡林琴880,800人民币普通股沈晓明807,100人民币普通股夏红艳806,000人民币普通股宁波幻方量化投资管理合伙企业（有限合伙）－幻方量化青溪5号私募证券投资基金772,700人民币普通股刘加770,900人民币普通股韩健752,028人民币普通股香港中央结算有限公司728,716人民币普通股汪燕520,000人民币普通股廖学强",宁波幻方量化,幻方量化青溪5号私募证券投资基金,yahoo,,510300.SS,沪深300ETF,default,2020-12-31,8.862467765808105,0.1018620257653684,0.09065747380266131,0.144456600322747,,0.590133867987348,-0.28959267993034576,0.10742065208251295,,61.01231280301085,1.5717730945217028,0.06560637037402091,78,0.07256452215335663,-0.25858592123113144,2021-03-22,9.505568504333496,2021-04-20,12.289405822753906,0.29286384261512466,0.6654309937105174,0.0,0.017217167632502806,0.27564667498262185,0.7282827270196266,2021-03-22,9.505568504333496,2021-06-23,11.168742179870604,0.17496835405256217,0.6654309937105174,0.0,0.03623609428330954,0.13873225976925263
1209810054,601702,601702.SS,华峰铝业,FY,2020-12-31,2021-04-26,2021-04-26,华峰铝业：上海华峰铝业股份有限公司2020年年度报告,浙江九章资产,[],https://static.cninfo.com.cn/finalpage/2021-04-27/1209810054.PDF,宁波幻方,"0 5,000,000 0.50 5,000,000 无 0 其他 浙江九章资产管理有限公司－九章幻方青溪",verified_shareholder,68,"0,0002.5025,000,000无0境内自然人尤金焕025,000,0002.5025,000,000无0境内自然人上海佩展投资管理中心（有限合伙）013,300,0001.3313,300,000无0其他上海观由投资发展有限公司－横琴睿星股权投资基金（有限合伙）010,000,0001.0010,000,000无0其他2020年年度报告68/212JPMORGANCHASEBANK,NATIONALASSOCIATION5,670,3030.57无0境外法人深圳前海瑞炜二期投资中心（有限合伙）05,000,0000.505,000,000无0其他浙江九章资产管理有限公司－九章幻方青溪1号私募基金1,699,5000.17无0其他瑞士信贷(香港)有限公司1,670,4100.17无0境外法人前十名无限售条件股东持股情况股东名称持有无限售条件流通股的数量股份种类及数量种类数量JPMORGANCHASEBANK,NATIONALASSOCIATION5,670,303人民币普通股5,670,303浙江九章资产管理有限公司－九章幻方青溪1号私募基金1,699,500人民币普通股1,699,500瑞士信贷(香港)有限公司1,670,410人民币普通股1,670,410李红1,654,300人民币普通股1,654,300华泰证券股份有限公司1,249,900人民币普通股1,249,900侯兴晨1,070,700人民币普通股1,070,700上海明汯投资管理有限公司－明汯朱庇特2号私募证券投资基金1,054,066人民币普通股1,054,066陈辉738,300人民币普通股738,300黄社兰719,700",浙江九章资产,九章幻方青溪1号私募基金,yahoo,,510300.SS,沪深300ETF,default,2020-12-31,7.8219404220581055,0.017073264340063288,0.3154575705980547,,,0.7491925062869758,-0.1910766230100408,0.04681823159551102,,58.46996273819275,0.7547117611794962,0.0561151269783299,116,-0.026379144180398106,-0.2090800502105945,2021-04-27,7.61560432789415,2021-05-28,7.090391159057617,-0.0689653960766845,0.08128091760298517,-0.09113288531895558,0.049606201449855725,-0.11857159752654023,-0.06690564420768486,2021-04-27,7.61560432789415,2021-07-28,6.325674057006836,-0.16937989624311311,0.08128091760298517,-0.17804510481506863,-0.0513779955199728,-0.11800190072314032
1209723661,002998,002998.SZ,优彩资源,Q1,2021-03-31,2021-04-19,2021-04-19,优彩资源：2021年第一季度报告全文,浙江九章资产,[],https://static.cninfo.com.cn/finalpage/2021-04-20/1209723661.PDF,宁波幻方,"519,900 刘剑锋 500,000 人民币普通股 500,000 浙江九章资产管理有限公司－九章幻方青溪",verified_shareholder,5,"973陈军境外自然人1.29%4,211,2304,211,230福能一期（平潭）创业投资合伙企业（有限合伙）境内非国有法人0.86%2,807,4872,807,487上海朝阳永续菁和投资顾问有限其他0.76%2,470,6002,470,600优彩环保资源科技股份有限公司2021年第一季度报告全文5公司－宁波永翊股权投资中心（有限合伙）前10名无限售条件股东持股情况股东名称持有无限售条件股份数量股份种类股份种类数量周希兰537,888人民币普通股537,888彭皓喆519,900人民币普通股519,900刘剑锋500,000人民币普通股500,000浙江九章资产管理有限公司－九章幻方青溪1号私募基金367,600人民币普通股367,600黄大典320,600人民币普通股320,600华泰证券股份有限公司283,500人民币普通股283,500华青250,000人民币普通股250,000米文忠232,200人民币普通股232,200颜添锦220,000人民币普通股220,000龙弟海216,800人民币普通股216,800上述股东关联关系或一致行动的说明股东戴泽新与王雪萍为夫妻关系。戴泽新系江阴市群英投资企业（有限合伙）普通合伙人、执行事务合伙人。陈军系平潭兴杭旌彩股权投资合伙企业（有限合伙）有限合伙人并持有兴杭投资18.18%的出资份额。平潭兴杭旌彩股权投资合伙企业（有限合伙）的管理人兴证创新资本管理有限公司间接持有福能一期（平潭）创业投资合伙企业（有限合伙）出资份额。公司未知上述其他股东之间是否存在关联关系或一致行动关系。前10名股东参与融资融券业务情况说明（如有）无公司前10名普通股股东、前1",浙江九章资产,九章幻方青溪1号私募基金,yahoo,,510300.SS,沪深300ETF,default,2021-03-31,9.255697250366213,-0.1918008772580676,0.23766811454239667,0.19222467668591525,,0.8548429297104418,-0.3309090543078118,0.014072089701601787,,45.188272171967036,1.592620946339328,0.08125000117092764,19,0.07699275999364152,-0.034389075251819334,2021-04-20,9.968318927337467,2021-05-21,8.308330535888672,-0.16652641268292345,0.022708115752156477,-0.19932717020087687,0.012620735624705892,-0.17914714830762934,-0.08687766806377184,2021-04-20,9.968318927337467,2021-07-21,8.635296821594238,-0.13372586846990842,0.022708115752156477,-0.19932717020087687,0.026227455400485766,-0.15995332387039418
1209855660,003027,003027.SZ,同兴环保,Q1,2021-03-31,2021-04-28,2021-04-28,同兴环保：2021年第一季度报告全文,浙江九章资产,[],https://static.cninfo.com.cn/finalpage/2021-04-29/1209855660.PDF,宁波幻方,"284,100 刘锡东 211,331 人民币普通股 211,331 浙江九章资产管理有限公司－九章幻方皓月",verified_shareholder,5,"有法人2.13%1,850,0001,850,000--安徽翔海资产管理有限公司－宁夏翔海节能环保投资合伙企业（有限合伙）境内非国有法人1.85%1,600,0001,600,000--前10名无限售条件股东持股情况股东名称持有无限售条件股份数量股份种类股份种类数量俞仙莲610,000人民币普通股610,000同兴环保科技股份有限公司2021年第一季度报告全文5王素珍434,911人民币普通股434,911华泰证券股份有限公司317,552人民币普通股317,552刘凯284,100人民币普通股284,100刘锡东211,331人民币普通股211,331浙江九章资产管理有限公司－九章幻方皓月1号私募基金187,200人民币普通股187,200邹金龙152,117人民币普通股152,117华泰金融控股（香港）有限公司－自有资金122,466人民币普通股122,466喻威111,600人民币普通股111,600深圳市上潮资本管理有限责任公司－上潮2号私募基金108,700人民币普通股108,700上述股东关联关系或一致行动的说明朱庆亚、朱宁、解道东、郎义广为一致行动人关系；朱庆亚和朱宁为姐弟关系。其他股东之间未知是否存在关联关系，也未知是否属于一致行动人。前10名股东参与融资融券业务情况说明（如有）不适用公司前10名普通股股东、前10名无限售条件普通股股东在报告期内是否进行约定购回交易□是√否公司前10名普通股股东、前10名无限售条件普通股股东在报告期内未进行约定购回交易。2、公司优先股股东总数及前10名优先股股东持股情况表□适用√不适用同兴环保科技股份有限公司2021年第一季度报告全文6第三节重要事项一",浙江九章资产,九章幻方皓月1号私募基金,yahoo,,510300.SS,沪深300ETF,default,2021-03-31,30.34055519104004,0.16579432838673624,0.22280434202231314,,,0.576408040733603,-0.15148888008637884,0.2266237039217036,,68.92032379934543,1.668612123688172,0.06266066315161978,28,-0.15098943186399916,-0.11581109637239251,2021-04-29,25.75945200030659,2021-06-01,29.699892044067383,0.15297064719054942,0.46682052953614717,0.0,0.04251164738019719,0.11045899981035223,-0.15846315797217025,2021-04-29,25.75945200030659,2021-07-30,21.915756225585938,-0.14921496678869206,0.46682052953614717,-0.17983444434116858,-0.049922136625093705,-0.09929283016359836
1209842169,600722,600722.SS,金牛化工,Q1,2021-03-31,2021-04-27,2021-04-27,金牛化工：金牛化工2021年一季度报告,宁波幻方量化,[],https://static.cninfo.com.cn/finalpage/2021-04-28/1209842169.PDF,宁波幻方,"1,078,800 0.16 0 无 0 境内自然人 徐胜 1,077,301 0.16 0 无 0 境内自然人 宁波幻方量化投资管理合伙企业",verified_shareholder,4,"00万元，每年摊销10.50万元。2.2截止报告期末的股东总数、前十名股东、前十名流通股东（或无限售条件股东）持股情况表单位：股股东总数（户）83,059前十名股东持股情况股东名称（全称）期末持股数量比例(%)持有有限售条件股份数量质押或冻结情况股东性质股份状态数量冀中能源股份有限公司245,267,07436.050无0国有法人冀中能源峰峰集团有限公司135,995,90319.990质押67,990,000国有法人樊菲2,505,1580.370无0境内自然人付裕1,078,8000.160无0境内自然人徐胜1,077,3010.160无0境内自然人宁波幻方量化投资管理合伙企业（有限合伙）－幻方量化青溪5号私募证券投资基金968,3000.140无0境内非国有法人陈莉896,5000.130无0境内自然人陈雪霞869,6000.130无0境内自然人武汉九通物流有限公司852,8000.130无0境内自然人郭旭832,0000.120无0境内自然人前十名无限售条件股东持股情况股东名称持有无限售条件流通股的数量股份种类及数量种类数量冀中能源股份有限公司245,267,074人民币普通股245,267,074冀中能源峰峰集团有限公司135,995,903人民币普通股135,995,903樊菲2,505,158人民币普通股2,505,158付裕1,078,800人民币普通股1,078,800徐胜1,077,301人民币普通股1,077,301宁波幻方量化投资管理合伙企业（有限合伙）－幻方量化青溪5号私募证券投资基金968,300人民币普通股968,300陈莉896,500人民币普通股896,500陈雪霞869",宁波幻方量化,幻方量化青溪5号私募证券投资基金,yahoo,,510300.SS,沪深300ETF,default,2021-03-31,6.599999904632568,-0.11170927898818617,0.48314610955510995,0.7368421019609614,0.6793892601835216,0.9479637527691611,-0.2439862255775247,0.11103628054506354,0.4506928981131906,39.544510923026436,2.8538423935256576,0.12636364411388232,27,-0.11666666546253246,-0.1696696191431365,2021-04-28,5.829999923706055,2021-05-31,6.579999923706055,0.12864494164919904,0.2847341113440134,-0.05317323273350549,0.05265230882772709,0.07599263282147195,-0.08258254151633648,2021-04-28,5.829999923706055,2021-07-29,5.809999942779541,-0.003430528505701913,0.3653516539133854,-0.056603761239207406,-0.03253788336155372,0.029107354855851808
1209859221,603222,603222.SS,济民制药,Q1,2021-03-31,2021-04-28,2021-04-28,济民制药：济民健康管理股份有限公司2021年第一季度报告正文,宁波幻方量化,[],https://static.cninfo.com.cn/finalpage/2021-04-29/1209859221.PDF,宁波幻方,"3,400,000 1.06 0 无 0 境内自然人 别涌 3,400,000 1.06 0 无 0 境内自然人 宁波幻方量化投资管理合伙企业",verified_shareholder,3|4,"38前十名股东持股情况股东名称（全称）期末持股数量比例(%)持有有限售条件股份数量质押或冻结情况股东性质股份状态数量双鸽集团有限公司110,030,80034.380质押67,000,000境内非国有法人张雪琴39,069,00012.210质押12,000,000境内自然人台州市梓铭贸易有限公司22,000,0006.880质押14,000,000境内非国有法人李丽莎10,000,0003.130无0境内自然人李慧慧10,000,0003.130无0境内自然人田云飞3,400,0001.060无0境内自然人别涌3,400,0001.060无0境内自然人宁波幻方量化投资管理合伙企业（有限合伙）－幻方量化青溪6号私募证券投资基金1,168,9000.370无0境内非国有法人周思思966,3000.300无0境内自然人余芳琴700,0000.220无0境内自然人前十名无限售条件股东持股情况股东名称持有无限售条件流通股的数量股份种类及数量种类数量双鸽集团有限公司110,030,800人民币普通股110,030,800张雪琴39,069,000人民币普通股39,069,000台州市梓铭贸易有限公司22,000,000人民币普通股22,000,000李丽莎10,000,000人民币普通股10,000,0002021年第一季度报告4/8李慧慧10,000,000人民币普通股10,000,000田云飞3,400,000人民币普通股3,400,000别涌3,400,000人民币普通股3,400,000宁波幻方量化投资管理合伙企业（有限合伙）－幻方量化青溪6号私募证券投资基金1,168,900人民币普通股1,168,900 || .220无0境内自然人前十名无限售条件股东持股情况股东名称持有无限售条件流通股的数量股份种类及数量种类数量双鸽集团有限公司110,030,800人民币普通股110,030,800张雪琴39,069,000人民币普通股39,069,000台州市梓铭贸易有限公司22,000,000人民币普通股22,000,000李丽莎10,000,000人民币普通股10,000,0002021年第一季度报告4/8李慧慧10,000,000人民币普通股10,000,000田云飞3,400,000人民币普通股3,400,000别涌3,400,000人民币普通股3,400,000宁波幻方量化投资管理合伙企业（有限合伙）－幻方量化青溪6号私募证券投资基金1,168,900人民币普通股1,168,900周思思966,300人民币普通股966,300余芳琴700,000人民币普通股700,000上述股东关联关系或一致行动的说明公司实际控制人李仙玉家族持有公司股份6636.90万股，占公司总股本的20.74%，并持有公司控股股东双鸽集团100%的股权和法人股股东台州市梓铭贸易有限公司92.73%的股权。公司未知其他股东之间是否存在关联关系或一致行动的情况。表决权恢复的优先股股东及持股数量的说明无2.3截止报告期末的优先股股东总数、前十名优先股股东、前十名优先股无限售条件股东持股情况表□适用√不适用三、重要事项3.1公司主要会计报表项目、财务指标重大变动的情况及原因√适用□不适用资产负债表项目期末数期初数变动幅度变动原因说明货币资金381,653,905.30242,945,606.1157.09%主要系公司在本期完成非公开发行股票所致应收",宁波幻方量化,幻方量化青溪6号私募证券投资基金,yahoo,,510300.SS,沪深300ETF,default,2021-03-31,10.7053804397583,-0.05904286695145,0.03912148942346705,-0.552071013236672,-0.7036792548856711,0.9059085335106594,-0.7267074265703348,0.15313723570897886,-0.4799833443261622,35.144931298629444,2.3310416453788325,0.11664463073247174,28,0.08388374920029262,0.2088274752692605,2021-04-29,11.603387887660704,2021-06-01,12.572105407714844,0.08348574825153388,0.17001832652920146,-0.0664229443820531,0.04251164738019719,0.04097410087133668,0.04281951479867585,2021-04-29,11.603387887660704,2021-07-30,9.708379745483398,-0.16331507319448468,0.17001832652920146,-0.22912857771413941,-0.049922136625093705,-0.11339293656939098
1209810579,605018,605018.SS,长华股份,Q1,2021-03-31,2021-04-26,2021-04-26,长华股份：长华股份2021年第一季度报告正文,浙江九章资产,"[""幻方星月石私募基金""]",https://static.cninfo.com.cn/finalpage/2021-04-27/1209810579.PDF,宁波幻方,"0 境内自然人 陈晓辉 315,000 0.08 0 无 0 境内自然人 浙江九章资产管理有限公司－幻方星月石私募基金",verified_shareholder,4,"股东性质股份状态数量王长土226,800,00054.43226,800,000无0境内自然人王庆97,200,00023.3397,200,000无0境内自然人宁波长宏股权投资合伙企业（有限合伙）36,000,0008.6436,000,000无0其他宁波久尔投资合伙企业（有限合伙）15,000,0003.6015,000,000无0其他吴赞华649,0000.160无0境内自然人金明娟574,7000.140无0境内自然人郭小墉435,2000.100无0境内自然人张宇337,4000.080无0境内自然人陈晓辉315,0000.080无0境内自然人浙江九章资产管理有限公司－幻方星月石私募基金231,8000.060无0其他前十名无限售条件股东持股情况股东名称持有无限售条件流通股的数量股份种类及数量种类数量吴赞华649,000人民币普通股649,000金明娟574,700人民币普通股574,700郭小墉435,200人民币普通股435,200张宇337,400人民币普通股337,400陈晓辉315,000人民币普通股315,000浙江九章资产管理有限公司－幻方星月石私募基金231,800人民币普通股231,800罗敬229,400人民币普通股229,4002021年第一季度报告5/7华泰证券股份有限公司224,800人民币普通股224,800陆意祥180,000人民币普通股180,000宁波华晟轻工集团有限公司180,000人民币普通股180,000上述股东关联关系或一致行动的说明在前十名股东及前十名无限售条件股东中，自然人股东王长土、王庆系父子关系；宁波长宏股权投资合伙企业（有限合伙）和宁波久尔",浙江九章资产,幻方星月石私募基金,yahoo,,510300.SS,沪深300ETF,default,2021-03-31,14.845186233520508,0.1536293402357043,0.3190977636792054,,,0.8949512070410228,-0.27373549599074043,0.08158475057014236,,75.87480514319321,0.9198141664444444,0.04236409107312748,26,-0.11728772521304276,-0.1864815649734446,2021-04-27,13.10402810982691,2021-05-28,12.514571189880373,-0.04498287969212267,0.0020761061153755644,-0.08096892123155663,0.049606201449855725,-0.09458908114197839,-0.17413693352270843,2021-04-27,13.10402810982691,2021-07-28,11.23149299621582,-0.14289767222086824,0.053814253066361006,-0.1569485168730418,-0.0513779955199728,-0.09151967670089545
1210898323,300588,300588.SZ,熙菱信息,H1,2021-06-30,2021-08-27,2021-08-27,熙菱信息：2021年半年度报告,宁波幻方量化,[],https://static.cninfo.com.cn/finalpage/2021-08-28/1210898323.PDF,宁波幻方,"552,840 552,840 0 0 殷枫 境内自然人 0.33% 550,000 0 0 0 宁波幻方量化投资管理合伙企业",verified_shareholder,48|49,",000040,410,00013,470,000质押12,000,000岳亚梅境内自然人12.68%21,000,000015,750,0005,250,000质押12,450,000阿拉山口市鑫都技术服务有限合伙企业境内非国有法人3.72%6,152,897-751,00000林强境内自然人0.52%860,000-300,00000新余市嘉禾投资管理中心（有限合伙）境内自然人0.40%654,300000九坤投资（北京）有限公司－九坤私享33号私募证券投资基金其他0.33%552,840552,84000殷枫境内自然人0.33%550,000000宁波幻方量化投资管理合伙企业（有限合伙）－九章幻方量化定制11号私募证券投资基金其他0.32%536,400536,40000范利芳境内自然人0.28%468,200-196,26000刘德全境内自然人0.27%441,220441,22000战略投资者或一般法人因配售新股成为前10名股东的无新疆熙菱信息技术股份有限公司2021年半年度报告全文49情况（如有）（参见注3）上述股东关联关系或一致行动的说明何开文先生和岳亚梅女士是夫妻关系，一致行动人；阿拉山口市鑫都技术服务有限合伙企业是公司员工持股平台；除前述情况外公司未知上述股东之间是否存在关联关系，也未知是否属于《上市公司收购管理办法》规定的一致行动人。上述股东涉及委托/受托表决权、放弃表决权情况的说明无前10名股东中存在回购专户的特别说明（参见注11）无前10名无限售条件股东持股情况股东名称报告期末持有无限售条件股份数量股份种类股份种类数量何开文13,470,000人民币普通股13,470,000阿拉山 || 说明（参见注11）无前10名无限售条件股东持股情况股东名称报告期末持有无限售条件股份数量股份种类股份种类数量何开文13,470,000人民币普通股13,470,000阿拉山口市鑫都技术服务有限合伙企业6,152,897人民币普通股6,152,897岳亚梅5,250,000人民币普通股5,250,000林强860,000人民币普通股860,000新余市嘉禾投资管理中心（有限合伙）654,300人民币普通股654,300九坤投资（北京）有限公司－九坤私享33号私募证券投资基金552,840人民币普通股552,840殷枫550,000人民币普通股550,000宁波幻方量化投资管理合伙企业（有限合伙）－九章幻方量化定制11号私募证券投资基金536,400人民币普通股536,400范利芳468,200人民币普通股468,200刘德全441,220人民币普通股441,220前10名无限售流通股股东之间，以及前10名无限售流通股股东和前10名股东之间关联关系或一致行动的说何开文先生和岳亚梅女士是夫妻关系，一致行动人；阿拉山口市鑫都技术服务有限合伙企业是公司员工持股平台；除前述情况外公司未知上述股东之间是否存在关联关系，也未知是否属于《上市公司收购管理办法》规定的一致行动人。新疆熙菱信息技术股份有限公司2021年半年度报告全文50明前10名普通股股东参与融资融券业务股东情况说明（如有）（参见注4）无公司是否具有表决权差异安排□适用√不适用公司前10名普通股股东、前10名无限售条件普通股股东在报告期内是否进行约定购回交易□是√否公司前10名普通股股东、前10名无限售条件普通股股东在报告期内未进行约定购回交易。四、董事、监事",宁波幻方量化,九章幻方量化定制11号私募证券投资基金,yahoo,,510300.SS,沪深300ETF,default,2021-06-30,15.420000076293944,0.44112152814636096,0.84449769253014,0.6386822876022336,0.6439232290151238,0.8502899052254155,-0.0854092812531394,0.5435435541275975,0.49738540820662314,70.09999845504791,2.2141863721674095,0.06893646203652637,58,-0.1666666460511388,0.0013698290114250167,2021-08-30,12.850000381469728,2021-09-29,12.350000381469728,-0.03891050468146462,0.4241244119688867,-0.04902724480455334,0.0020362321736866473,-0.04094673685515127,-0.15410958501451089,2021-08-30,12.850000381469728,2021-12-03,13.520000457763672,0.05214008221043431,0.4241244119688867,-0.23268487439924102,0.013846566139777083,0.03829351607065723
1210687553,300663,300663.SZ,科蓝软件,H1,2021-06-30,2021-08-08,2021-08-08,科蓝软件：2021年半年度报告,浙江九章资产,[],https://static.cninfo.com.cn/finalpage/2021-08-09/1210687553.PDF,宁波幻方,"（有限合伙） 1,516,952 人民币普通股 1,516,952 浙江九章资产管理有限公司－九章幻方青溪",verified_shareholder,36|37,"21苏州元和塘创业投资有限公境内非国有法人0.89%2,758,400002,758,400北京科蓝软件系统股份有限公司2021年半年度报告全文36司中恒泰安资本管理（深圳）有限公司－中恒三和玖玖1期私募证券投资基金其他0.87%2,712,000002,712,000中恒泰安资本管理（深圳）有限公司－中恒三和玖玖5期私募证券投资基金其他0.87%2,705,000002,705,000程伊文境内自然人0.53%1,662,800001,662,800宁波科蓝融创投资管理合伙企业（有限合伙）境内非国有法人0.49%1,516,952001,516,952浙江九章资产管理有限公司－九章幻方青溪1号私募基金其他0.45%1,408,096001,408,096战略投资者或一般法人因配售新股成为前10名股东的情况（如有）（参见注3）无上述股东关联关系或一致行动的说明1、上述股东王安京为股东宁波科蓝盛合投资管理合伙企业（有限合伙）的普通合伙人、执行事务合伙人，并持有科蓝盛合98.81%的出资份额。科蓝盛合持有科蓝软件6.31%的股份，王安京与科蓝盛合为一致行动人。2、公司未知上述其他股东之间是否存在关联关系，也未知是否属于《上市公司股东持股变动信息披露管理办法》规定的一致行动人。上述股东涉及委托/受托表决权、放弃表决权情况的说明无前10名股东中存在回购专户的特别说明（参见注11）无前10名无限售条件股东持股情况股东名称报告期末持有无限售条件股份数量股份种类股份种类数量北京科蓝软件系统股份有限公司2021年半年度报告全文37宁波科蓝盛合投资管理合伙企业（有限合伙）19,647,202人民币普通股19,647,2 || 民币普通股5,124,044宁波科蓝盈众投资管理合伙企业（有限合伙）4,839,921人民币普通股4,839,921苏州元和塘创业投资有限公司2,758,400人民币普通股2,758,400中恒泰安资本管理（深圳）有限公司－中恒三和玖玖1期私募证券投资基金2,712,000人民币普通股2,712,000中恒泰安资本管理（深圳）有限公司－中恒三和玖玖5期私募证券投资基金2,705,000人民币普通股2,705,000程伊文1,662,800人民币普通股1,662,800宁波科蓝融创投资管理合伙企业（有限合伙）1,516,952人民币普通股1,516,952浙江九章资产管理有限公司－九章幻方青溪1号私募基金1,408,096人民币普通股1,408,096前10名无限售流通股股东之间，以及前10名无限售流通股股东和前10名股东之间关联关系或一致行动的说明1、上述股东王安京为股东宁波科蓝盛合投资管理合伙企业（有限合伙）的普通合伙人、执行事务合伙人，并持有科蓝盛合98.81%的出资份额。科蓝盛合持有科蓝软件6.31%的股份，王安京与科蓝盛合为一致行动人。2、公司未知上述其他股东之间是否存在关联关系，也未知是否属于《上市公司股东持股变动信息披露管理办法》规定的一致行动人。前10名普通股股东参与融资融券业务股东情况说明（如有）（参见注4）1、股东宁波科蓝盛合投资管理合伙企业（有限合伙）通过普通证券账户持有12,770,000股，通过投资者信用担保证券账户持有6,877,202股，合计持有19,647,202股。2、股东中恒泰安资本管理（深圳）有限公司－中恒三和玖玖1期私募证券投资基金通过普通证券账户持有0股，通过投",浙江九章资产,九章幻方青溪1号私募基金,yahoo,,510300.SS,沪深300ETF,default,2021-06-30,25.569324493408203,0.6289226856241392,0.8422062847401366,0.6950574706176187,0.6042442731995679,1.0181338123062555,-0.22246965032713173,0.4271277062172969,0.5639983374497555,64.39574784043796,3.4008127106447343,0.11348608290700254,39,-0.15859359230028258,-0.1523912436865129,2021-08-09,21.514193469306992,2021-09-06,19.305814743041992,-0.10264752566325863,0.021365472884068426,-0.19600560830952607,0.006438547689773033,-0.10908607335303167,-0.3230848421176442,2021-08-09,21.514193469306992,2021-11-12,17.107431411743164,-0.204830455942989,0.021365472884068426,-0.24895499279028055,-9.737462614012315e-09,-0.20483044620552637
1210792097,300821,300821.SZ,东岳硅材,H1,2021-06-30,2021-08-19,2021-08-19,东岳硅材：2021年半年度报告,宁波幻方量化,[],https://static.cninfo.com.cn/finalpage/2021-08-20/1210792097.PDF,宁波幻方,"706,608 人民币普通股 706,608 吴理觉 687,000 人民币普通股 687,000 宁波幻方量化投资管理合伙企业",verified_shareholder,32|33,"有限公司境内非国有法人7.50%90,000,000090,000,0000冻结90,000,000龙荣春境内自然人0.34%4,076,8002,674,00004,076,800香港中央结算有限公司境外法人0.21%2,567,479162,80002,567,479张薇境内自然人0.13%1,504,500664,50001,504,500刘炳俊境内自然人0.06%722,300722,3000722,300王兴文境内自然人0.06%706,608491,1080706,608吴理觉境内自然人0.06%687,000-190,5000687,000宁波幻方量化投资管理合伙企业（有限合伙）－幻方量化青溪8号私募证券投资基金其他0.05%646,900646,9000646,900上述股东关联关系或一致行动的说明东岳氟硅科技集团和长石投资均为公司实际控制人傅军控制的企业，淄博晓希是公司和东岳集团有限公司管理层员工持股的企业，除此之外，未知上述股东之间是否存在关联关系，山东东岳有机硅材料股份有限公司2021年半年度报告全文33也未知是否属于《上市公司收购管理办法》规定的一致行动人。上述股东涉及委托/受托表决权、放弃表决权情况的说明无前10名无限售条件股东持股情况股东名称报告期末持有无限售条件股份数量股份种类股份种类数量淄博晓希企业管理合伙企业（有限合伙）117,000,000人民币普通股117,000,000龙荣春4,076,800人民币普通股4,076,800香港中央结算有限公司2,567,479人民币普通股2,567,479张薇1,504,500人民币普通股1,504,500刘炳俊722,300人民币 || 定的一致行动人。上述股东涉及委托/受托表决权、放弃表决权情况的说明无前10名无限售条件股东持股情况股东名称报告期末持有无限售条件股份数量股份种类股份种类数量淄博晓希企业管理合伙企业（有限合伙）117,000,000人民币普通股117,000,000龙荣春4,076,800人民币普通股4,076,800香港中央结算有限公司2,567,479人民币普通股2,567,479张薇1,504,500人民币普通股1,504,500刘炳俊722,300人民币普通股722,300王兴文706,608人民币普通股706,608吴理觉687,000人民币普通股687,000宁波幻方量化投资管理合伙企业（有限合伙）－幻方量化青溪8号私募证券投资基金646,900人民币普通股646,900刘和彬573,000人民币普通股573,000张仟544,900人民币普通股544,900前10名无限售流通股股东之间，以及前10名无限售流通股股东和前10名股东之间关联关系或一致行动的说明东岳氟硅科技集团和长石投资均为公司实际控制人傅军控制的企业，淄博晓希是公司和东岳集团有限公司管理层员工持股的企业，除此之外，未知上述股东之间是否存在关联关系，也未知是否属于《上市公司收购管理办法》规定的一致行动人。前10名普通股股东参与融资融券业务股东情况说明（如有）（参见注4）1、股东张薇通过普通证券账户持有公司股票884,500股，通过中信证券（山东）有限责任公司客户信用交易担保证券账户持有公司股票620,000股，合计持有公司股票1,504,500股；2、股东吴理觉通过普通证券账户持有公司股票7,000股，通过中国银河证券股份有限公司客户信用交易担保证",宁波幻方量化,幻方量化青溪8号私募证券投资基金,yahoo,,510300.SS,沪深300ETF,default,2021-06-30,12.454245567321776,0.22295381145556314,0.291747566429301,0.1617747494318218,0.20649927910612464,0.4314728790783838,-0.2169596836760619,0.20961738979769295,0.1307643402521781,65.13759138633245,1.7828409863902999,0.04976924290038856,50,0.5961539129159665,0.08993092381027523,2021-08-20,19.878892794696984,2021-09-17,24.094173431396484,0.21204805922712122,0.5807227109919422,-0.04240959810923384,0.0032572380403665946,0.20879082118675463,0.6448883756258723,2021-08-20,19.878892794696984,2021-11-25,20.21419906616211,0.01686745207230933,0.5807227109919422,-0.0785541897143347,0.013436602339384596,0.0034308497329247345
1210828755,601969,601969.SS,海南矿业,H1,2021-06-30,2021-08-23,2021-08-23,海南矿业：海南矿业股份有限公司2021年半年度报告,宁波幻方量化,[],https://static.cninfo.com.cn/finalpage/2021-08-24/1210828755.PDF,宁波幻方,"0 境内自然人 陈慧莲 2,925,900 2,925,900 0.15 0 未知 0 境内自然人 宁波幻方量化投资管理合伙企业",verified_shareholder,34,"40,070国有法人2021年半年度报告34/165上海复星高科技（集团）有限公司0336,000,00017.190无0境内非国有法人珠海鲲池资产管理有限公司－鲲池1号私募证券投资基金4,615,3004,615,3000.240未知0未知王一添2,928,9004,591,2000.230未知0境内自然人冯烈耀03,886,5000.200未知0境内自然人林鹏2,987,3353,663,9720.190未知0境内自然人冯伟健-50,3003,105,1420.160未知0境内自然人陈慧莲2,925,9002,925,9000.150未知0境内自然人宁波幻方量化投资管理合伙企业（有限合伙）－幻方星月石11号私募基金2,744,8002,744,8000.140未知0未知前十名无限售条件股东持股情况股东名称持有无限售条件流通股的数量股份种类及数量种类数量上海复星产业投资有限公司672,000,000人民币普通股672,000,000海南海钢集团有限公司653,333,000人民币普通股653,333,000上海复星高科技（集团）有限公司336,000,000人民币普通股336,000,000珠海鲲池资产管理有限公司－鲲池1号私募证券投资基金4,615,300人民币普通股4,615,300王一添4,591,200人民币普通股4,591,200冯烈耀3,886,500人民币普通股3,886,500林鹏3,663,972人民币普通股3,663,972冯伟健3,105,142人民币普通股3,105,142陈慧莲2,925,900人民币普通股2,925,900宁波幻方量化投资管理合伙企业（有限合伙）－幻方星月石1",宁波幻方量化,幻方星月石11号私募基金,yahoo,,510300.SS,沪深300ETF,default,2021-06-30,11.042136192321776,0.21907763611879427,0.8143527706501084,0.9778909108302094,1.1943392829391986,0.8016395058411644,0.0,0.3854473826913105,0.8183949879465742,68.84953675514375,2.0156214068651486,0.0654772288824467,54,0.6680997004670286,0.02761503259271736,2021-08-24,18.41938407492809,2021-09-23,18.10606575012207,-0.017010249828738777,0.3175258287634821,-0.09896912462842311,0.002851518000050346,-0.019861767828789123,0.2661088048832103,2021-08-24,18.41938407492809,2021-11-29,12.266931533813477,-0.3340205359792212,0.3175258287634821,-0.37113404392789473,0.00386982620422871,-0.3378903621834499
1210874590,688328,688328.SS,深科达,H1,2021-06-30,2021-08-26,2021-08-26,深科达：深科达2021年半年度报告,宁波幻方量化,[],https://static.cninfo.com.cn/finalpage/2021-08-27/1210874590.PDF,宁波幻方,"125,935 华泰金融控股（香港）有限公司－自有资金 117,809 人民币普通股 117,809 宁波幻方量化投资管理合伙企业",verified_shareholder,46,"股东持股情况股东名称持有无限售条件流通股的数量股份种类及数量种类数量安信证券资管－渤海银行封闭式固定收益型人民币理财产品（零售公募－2020GG301）－安信资管安鑫海选4号单一资产管理计划739,096人民币普通股739,096施玉庆341,800人民币普通股341,800中国国际金融香港资产管理有限公司－CICCFT9（QFII）193,972人民币普通股193,972秦元群150,000人民币普通股150,000华泰证券股份有限公司125,935人民币普通股125,935华泰金融控股（香港）有限公司－自有资金117,809人民币普通股117,809宁波幻方量化投资管理合伙企业（有限合伙）－幻方量化青溪6号私募证券投资基金104,090人民币普通股104,0902021年半年度报告47/174安信证券资管－渤海银行封闭式固定收益型人民币理财产品（零售公募－2020GG305）－安信资管安鑫海选7号单一资产管理计划100,071人民币普通股100,071蔡庆祥95,300人民币普通股95,300韩锋92,100人民币普通股92,100前十名股东中回购专户情况说明不适用上述股东委托表决权、受托表决权、放弃表决权的说明不适用上述股东关联关系或一致行动的说明1、上述前十大股东中，黄奕奋系黄奕宏的哥哥，肖演加系黄奕宏的姐夫，黄奕宏通过持有深科达投资51.54%的股权间接控制公司6.28%的股份；2、2020年3月18日，黄奕宏、黄奕奋、肖演加三人重新签署《一致行动协议》，约定《一致行动协议》有效期自签订之日起至发行人上市后36个月内始终有效，有效期限届满前，各方如无异议，可以续签，公司实际控制人及其一致行动人合",宁波幻方量化,幻方量化青溪6号私募证券投资基金,yahoo,,510300.SS,沪深300ETF,default,2021-06-30,39.6191520690918,0.028347083674765017,0.36103763049271054,,,0.6066940426197173,-0.2206625602947967,0.11605835338351622,,59.56988360464757,0.7320294858011267,0.04866750659118065,57,0.109239624646704,0.056499945673792906,2021-08-27,43.94713336994007,2021-09-28,32.003482818603516,-0.27177314276216336,0.05716841096642855,-0.28517199179292463,0.015371971598981737,-0.2871451143611451,-0.21075001188681963,2021-08-27,43.94713336994007,2021-12-02,47.10724639892578,0.07190714812691823,0.10160793502988841,-0.3066100823206612,0.011272859254146894,0.060634288872771336
