announcement_id,sec_code,symbol,sec_name,report_kind,report_period,publication_date,first_publication_date,title,manager,product_names,source_url,search_terms,source_snippet
1207665052,002668,002668.SZ,ST奥马,FY,2019-12-31,2020-04-28,2020-04-28,奥马电器：2019年年度报告,浙江九章资产,[],https://static.cninfo.com.cn/finalpage/2020-04-29/1207665052.PDF,宁波幻方,"2,466,700 刘诗彬 1,875,900 人民币普通股 1,875,900 浙江九章资产管理有限公司－九章幻方青溪"
1207873293,300089,300089.SZ,文化长城,FY,2019-12-31,2020-05-28,2020-05-28,文化长城：2019年年度报告,浙江九章资产,[],https://static.cninfo.com.cn/finalpage/2020-05-29/1207873293.PDF,宁波幻方,"3,712,500 吴网腰 3,000,000 人民币普通股 3,000,000 浙江九章资产管理有限公司－九章幻方皓月"
1207416549,600768,600768.SS,宁波富邦,FY,2019-12-31,2020-03-27,2020-03-27,宁波富邦：2019年年度报告,浙江九章资产,[],https://static.cninfo.com.cn/finalpage/2020-03-28/1207416549.PDF,宁波幻方,"王坚宏 1,100 1,059,118 0.79 0 未知 境内自然人 浙江九章资产管理有限公司－九章幻方青溪"
1207448598,603013,603013.SS,亚普股份,FY,2019-12-31,2020-04-01,2020-04-01,亚普股份：2019年年度报告,浙江九章资产,[],https://static.cninfo.com.cn/finalpage/2020-04-02/1207448598.PDF,宁波幻方,"317,900 高维庆 234,473 人民币普通股 234,473 浙江九章资产管理有限公司－九章幻方紫云"
1208637880,300293,300293.SZ,蓝英装备,Q3,2020-09-30,2020-10-28,2020-10-28,蓝英装备：2020年第三季度报告全文,浙江九章资产,[],https://static.cninfo.com.cn/finalpage/2020-10-29/1208637880.PDF,宁波幻方,"沈阳黑石投资有限公司 境内非国有法人 1.28% 3,442,500 浙江九章资产管理有限公司－九章幻方中证"
1209492736,000521,000521.SZ,长虹美菱,FY,2020-12-31,2021-03-30,2021-03-30,长虹美菱：2020年年度报告,宁波幻方量化,[],https://static.cninfo.com.cn/finalpage/2021-03-31/1209492736.PDF,宁波幻方,"境内一般法人 0.53% 5,552,151 +5,552,151 0 5,552,151 - - 宁波幻方量化投资管理合伙企业"
1209829279,000672,000672.SZ,上峰水泥,FY,2020-12-31,2021-04-27,2021-04-27,上峰水泥：2020年年度报告,宁波幻方量化,[],https://static.cninfo.com.cn/finalpage/2021-04-28/1209829279.PDF,九章幻方|宁波幻方,Golden Pine Asset Management Limited、浙江善渊投资管理有限公司、宁波幻方量化投资管理合伙企业
1209853557,002647,002647.SZ,仁东控股,FY,2020-12-31,2021-04-28,2021-04-28,仁东控股：2020年年度报告,宁波幻方量化,[],https://static.cninfo.com.cn/finalpage/2021-04-29/1209853557.PDF,宁波幻方,"3,378,424 人民币普通股 3,378,424 仁东控股股份有限公司 2020 年年度报告全文 36 宁波幻方量化投资管理合伙企业"
1209712984,300084,300084.SZ,海默科技,FY,2020-12-31,2021-04-16,2021-04-16,海默科技：2020年年度报告,宁波幻方量化,[],https://static.cninfo.com.cn/finalpage/2021-04-17/1209712984.PDF,宁波幻方,"1,892,690 人民币普通股 1,892,690 张宽宽 1,689,752 人民币普通股 1,689,752 宁波幻方量化投资管理合伙企业"
1210500562,300106,300106.SZ,西部牧业,FY,2020-12-31,2021-07-16,2021-07-16,西部牧业：2020年年度报告（更新后）,宁波幻方量化,[],https://static.cninfo.com.cn/finalpage/2021-07-16/1210500562.PDF,宁波幻方,"0 733,340 华泰证券股份有限公司 国有法人 0.34% 722,360 0 722,360 宁波幻方量化投资管理合伙企业"
1209838203,300356,300356.SZ,光一科技,FY,2020-12-31,2021-04-27,2021-04-27,光一科技：2020年年度报告,宁波幻方量化,[],https://static.cninfo.com.cn/finalpage/2021-04-28/1209838203.PDF,宁波幻方,"2,199,100 人民币普通股 2,199,100 李德伟 2,190,500 人民币普通股 2,190,500 宁波幻方量化投资管理合伙企业"
1209809264,300375,300375.SZ,鹏翎股份,FY,2020-12-31,2021-04-26,2021-04-26,鹏翎股份：2020年年度报告,宁波幻方量化,[],https://static.cninfo.com.cn/finalpage/2021-04-27/1209809264.PDF,宁波幻方,"3,765,100 人民币普通股 3,765,100 #张秀 3,478,010 人民币普通股 3,478,010 宁波幻方量化投资管理合伙企业"
1209739841,300402,300402.SZ,宝色股份,FY,2020-12-31,2021-04-20,2021-04-20,宝色股份：2020年年度报告,浙江九章资产,[],https://static.cninfo.com.cn/finalpage/2021-04-21/1209739841.PDF,宁波幻方,"王正先 境内自然人 0.28% 574,700 20,000 574,700 浙江九章资产管理有限公司－幻方星月石"
1209832054,300647,300647.SZ,超频三,FY,2020-12-31,2021-04-27,2021-04-27,超频三：2020年年度报告,宁波幻方量化,[],https://static.cninfo.com.cn/finalpage/2021-04-28/1209832054.PDF,宁波幻方,"覃荣林 1,010,000人民币普通股1,010,000陈书洁 912,066人民币普通股912,066宁波幻方量化投资管理合伙企业"
1209454273,300797,300797.SZ,钢研纳克,FY,2020-12-31,2021-03-25,2021-03-25,钢研纳克：2020年年度报告,浙江九章资产,[],https://static.cninfo.com.cn/finalpage/2021-03-26/1209454273.PDF,宁波幻方,"867,645 #丁祖水 458,900 人民币普通股 458,900 浙江九章资产管理有限公司－九章幻方青溪"
1209772974,300817,300817.SZ,双飞股份,FY,2020-12-31,2021-04-22,2021-04-22,双飞股份：2020年年度报告,浙江九章资产,[],https://static.cninfo.com.cn/finalpage/2021-04-23/1209772974.PDF,宁波幻方,"125,000 王可龙 123,100 人民币普通股 123,100 浙江九章资产管理有限公司－九章幻方青溪"
1209737740,300827,300827.SZ,上能电气,FY,2020-12-31,2021-04-20,2021-04-20,上能电气：2020年年度报告,浙江九章资产,[],https://static.cninfo.com.cn/finalpage/2021-04-21/1209737740.PDF,宁波幻方,"144,400 赵光 121,800 人民币普通股 121,800 浙江九章资产管理有限公司－九章幻方明德"
1209676796,300828,300828.SZ,锐新科技,FY,2020-12-31,2021-04-12,2021-04-12,锐新科技：2020年年度报告,浙江九章资产,[],https://static.cninfo.com.cn/finalpage/2021-04-13/1209676796.PDF,九章幻方,"187,600 人民币普通股 187,600 张顺 180,000 人民币普通股 180,000 浙江九章资产管理有限公司"
1209726468,300879,300879.SZ,大叶股份,FY,2020-12-31,2021-04-19,2021-04-19,大叶股份：2020年年度报告,浙江九章资产,[],https://static.cninfo.com.cn/finalpage/2021-04-20/1209726468.PDF,宁波幻方,"NATIONALASSOCIATION128,754人民币普通股128,754浙江九章资产管理有限公司－九章幻方青溪"
1209795885,300883,300883.SZ,龙利得,FY,2020-12-31,2021-04-23,2021-04-23,龙利得：2020年年度报告,浙江九章资产,[],https://static.cninfo.com.cn/finalpage/2021-04-24/1209795885.PDF,宁波幻方,"287,200 龙利得智能科技股份有限公司 2020 年年度报告全文 60 浙江九章资产管理有限公司－九章幻方中证"
1209484270,600081,600081.SS,东风科技,FY,2020-12-31,2021-03-30,2021-03-30,东风科技：东风电子科技股份有限公司2020年年度报告,浙江九章资产,[],https://static.cninfo.com.cn/finalpage/2021-03-31/1209484270.PDF,宁波幻方,"周亚芬 50,000 868,600 0.28 0 无 0 境内自然人 浙江九章资产管理有限公司－九章幻方中证"
1209711981,600120,600120.SS,浙江东方,FY,2020-12-31,2021-04-16,2021-04-16,浙江东方：浙江东方金融控股集团股份有限公司2020年年度报告,宁波幻方量化,[],https://static.cninfo.com.cn/finalpage/2021-04-17/1209711981.PDF,宁波幻方,"10,000.00 2020-09-16 2021-09-15 自有资金 证券 浮动收益 是 否 宁波幻方量化投资管理合伙企业"
1217360305,600257,600257.SS,大湖股份,FY,2020-12-31,2023-07-21,2021-04-29,大湖股份：大湖水殖股份有限公司2020年年度报告（更正后）,宁波幻方量化,[],https://static.cninfo.com.cn/finalpage/2023-07-22/1217360305.PDF,宁波幻方,"未知 华泰证券股份有限公司 2,332,112 2,352,003 0.49 0 未知 0 未知 宁波幻方量化投资管理合伙企业"
1209681003,600313,600313.SS,农发种业,FY,2020-12-31,2021-04-13,2021-04-13,农发种业：农发种业2020年年度报告全文,宁波幻方量化,[],https://static.cninfo.com.cn/finalpage/2021-04-14/1209681003.PDF,宁波幻方,"4,574,628 0.42 未知 国有法人 张紫阳 3,986,900 0.37 未知 境内自然人 宁波幻方量化投资管理合伙企业"
1209418915,600956,600956.SS,新天绿能,FY,2020-12-31,2021-03-19,2021-03-19,新天绿能：新天绿能2020年年度报告,宁波幻方量化,[],https://static.cninfo.com.cn/finalpage/2021-03-20/1209418915.PDF,宁波幻方,"880,800 人民币普通股 沈晓明 807,100 人民币普通股 夏红艳 806,000 人民币普通股 宁波幻方量化投资管理合伙企业"
1209810054,601702,601702.SS,华峰铝业,FY,2020-12-31,2021-04-26,2021-04-26,华峰铝业：上海华峰铝业股份有限公司2020年年度报告,浙江九章资产,[],https://static.cninfo.com.cn/finalpage/2021-04-27/1209810054.PDF,宁波幻方,"0 5,000,000 0.50 5,000,000 无 0 其他 浙江九章资产管理有限公司－九章幻方青溪"
1209723661,002998,002998.SZ,优彩资源,Q1,2021-03-31,2021-04-19,2021-04-19,优彩资源：2021年第一季度报告全文,浙江九章资产,[],https://static.cninfo.com.cn/finalpage/2021-04-20/1209723661.PDF,宁波幻方,"519,900 刘剑锋 500,000 人民币普通股 500,000 浙江九章资产管理有限公司－九章幻方青溪"
1209855660,003027,003027.SZ,同兴环保,Q1,2021-03-31,2021-04-28,2021-04-28,同兴环保：2021年第一季度报告全文,浙江九章资产,[],https://static.cninfo.com.cn/finalpage/2021-04-29/1209855660.PDF,宁波幻方,"284,100 刘锡东 211,331 人民币普通股 211,331 浙江九章资产管理有限公司－九章幻方皓月"
1209842169,600722,600722.SS,金牛化工,Q1,2021-03-31,2021-04-27,2021-04-27,金牛化工：金牛化工2021年一季度报告,宁波幻方量化,[],https://static.cninfo.com.cn/finalpage/2021-04-28/1209842169.PDF,宁波幻方,"1,078,800 0.16 0 无 0 境内自然人 徐胜 1,077,301 0.16 0 无 0 境内自然人 宁波幻方量化投资管理合伙企业"
1209859221,603222,603222.SS,济民制药,Q1,2021-03-31,2021-04-28,2021-04-28,济民制药：济民健康管理股份有限公司2021年第一季度报告正文,宁波幻方量化,[],https://static.cninfo.com.cn/finalpage/2021-04-29/1209859221.PDF,宁波幻方,"3,400,000 1.06 0 无 0 境内自然人 别涌 3,400,000 1.06 0 无 0 境内自然人 宁波幻方量化投资管理合伙企业"
1209810579,605018,605018.SS,长华股份,Q1,2021-03-31,2021-04-26,2021-04-26,长华股份：长华股份2021年第一季度报告正文,浙江九章资产,"[""幻方星月石私募基金""]",https://static.cninfo.com.cn/finalpage/2021-04-27/1209810579.PDF,宁波幻方,"0 境内自然人 陈晓辉 315,000 0.08 0 无 0 境内自然人 浙江九章资产管理有限公司－幻方星月石私募基金"
1210898323,300588,300588.SZ,熙菱信息,H1,2021-06-30,2021-08-27,2021-08-27,熙菱信息：2021年半年度报告,宁波幻方量化,[],https://static.cninfo.com.cn/finalpage/2021-08-28/1210898323.PDF,宁波幻方,"552,840 552,840 0 0 殷枫 境内自然人 0.33% 550,000 0 0 0 宁波幻方量化投资管理合伙企业"
1210687553,300663,300663.SZ,科蓝软件,H1,2021-06-30,2021-08-08,2021-08-08,科蓝软件：2021年半年度报告,浙江九章资产,[],https://static.cninfo.com.cn/finalpage/2021-08-09/1210687553.PDF,宁波幻方,"（有限合伙） 1,516,952 人民币普通股 1,516,952 浙江九章资产管理有限公司－九章幻方青溪"
1210792097,300821,300821.SZ,东岳硅材,H1,2021-06-30,2021-08-19,2021-08-19,东岳硅材：2021年半年度报告,宁波幻方量化,[],https://static.cninfo.com.cn/finalpage/2021-08-20/1210792097.PDF,宁波幻方,"706,608 人民币普通股 706,608 吴理觉 687,000 人民币普通股 687,000 宁波幻方量化投资管理合伙企业"
1210828755,601969,601969.SS,海南矿业,H1,2021-06-30,2021-08-23,2021-08-23,海南矿业：海南矿业股份有限公司2021年半年度报告,宁波幻方量化,[],https://static.cninfo.com.cn/finalpage/2021-08-24/1210828755.PDF,宁波幻方,"0 境内自然人 陈慧莲 2,925,900 2,925,900 0.15 0 未知 0 境内自然人 宁波幻方量化投资管理合伙企业"
1210874590,688328,688328.SS,深科达,H1,2021-06-30,2021-08-26,2021-08-26,深科达：深科达2021年半年度报告,宁波幻方量化,[],https://static.cninfo.com.cn/finalpage/2021-08-27/1210874590.PDF,宁波幻方,"125,935 华泰金融控股（香港）有限公司－自有资金 117,809 人民币普通股 117,809 宁波幻方量化投资管理合伙企业"
1213116566,000498,000498.SZ,山东路桥,FY,2021-12-31,2022-04-25,2022-04-25,山东路桥：2021年年度报告,宁波幻方量化,[],https://static.cninfo.com.cn/finalpage/2022-04-26/1213116566.PDF,宁波幻方,号公司 4楼 电话沟通 机构 天风证券股份有限公司、中银资产管理有限公司、杭州广天投资管理有限公司、宁波幻方量化投资管理合伙企业
1213879756,002411,002411.SZ,*ST必康,FY,2021-12-31,2022-06-29,2022-06-29,延安必康：2021年年度报告,宁波幻方量化,[],https://static.cninfo.com.cn/finalpage/2022-06-30/1213879756.PDF,宁波幻方,江苏省如东沿海经济开发区黄海三路12 号） 电话沟通 机构 上海彤源投资发展有限公司、泰康资产管理有限责任公司、宁波幻方量化投资管理合伙企业
1213161243,002511,002511.SZ,中顺洁柔,FY,2021-12-31,2022-04-27,2022-04-27,中顺洁柔：2021年年度报告,宁波幻方量化,[],https://static.cninfo.com.cn/finalpage/2022-04-28/1213161243.PDF,宁波幻方,前海开源基金管理有限公司、浦银安盛基金管理有限公司、平安资产管理有限责任公司、鹏华基金管理有限公司、宁波幻方量化投资管理合伙企业
1212885860,002859,002859.SZ,洁美科技,FY,2021-12-31,2022-04-11,2022-04-11,洁美科技：2021年年度报告,宁波幻方量化,[],https://static.cninfo.com.cn/finalpage/2022-04-12/1212885860.PDF,宁波幻方,62、鹏扬基金：王杨 63、朋元资产管理有限公司：秦健丽 64、农银汇理基金管理有限公司：凌晨65、宁波幻方量化投资管理合伙企业
1216653105,000875,000875.SZ,吉电股份,FY,2022-12-31,2023-04-27,2023-04-27,吉电股份：2022年年度报告,宁波幻方量化,[],https://static.cninfo.com.cn/finalpage/2023-04-28/1216653105.PDF,宁波幻方,调研的基本情况索引 2022 年 04 月14 日 电话会议 电话沟通 机构 天风证券股份有限公司、宁波幻方量化投资管理合伙企业
1216082738,001205,001205.SZ,盛航股份,FY,2022-12-31,2023-03-09,2023-03-09,盛航股份：2022年年度报告,宁波幻方量化,[],https://static.cninfo.com.cn/finalpage/2023-03-10/1216082738.PDF,宁波幻方,、招商银行股份有限公司、兴证全球基金管理有限公司 、东吴基金管理有限公司、泰达宏利基金管理有限公司、宁波幻方量化投资管理合伙企业
1216146727,002233,002233.SZ,塔牌集团,FY,2022-12-31,2023-03-17,2023-03-17,塔牌集团：2022年年度报告,宁波幻方量化,[],https://static.cninfo.com.cn/finalpage/2023-03-18/1216146727.PDF,宁波幻方,西南证券、华泰保兴、东方证券、长江养老保险股份有限公司、景泰利丰、上海君犀投资管理有限公司、进门财经、宁波幻方量化投资管理合伙企业
1216591683,002585,002585.SZ,双星新材,FY,2022-12-31,2023-04-25,2023-04-25,双星新材：2022年年度报告,宁波幻方量化,[],https://static.cninfo.com.cn/finalpage/2023-04-26/1216591683.PDF,宁波幻方,上海景林资产管理有限公司—张钊，北京高信百诺投资管理有限公司—孙向忠，敦和资产管理有限公司—郭文凯，宁波幻方量化投资管理合伙企业
1216419527,300634,300634.SZ,彩讯股份,FY,2022-12-31,2023-04-14,2023-04-14,彩讯股份：2022年年度报告,宁波幻方量化,[],https://static.cninfo.com.cn/finalpage/2023-04-15/1216419527.PDF,宁波幻方,接待方式接待对象类型接待对象谈论的主要内容及提供的资料调研的基本情况索引2022年 08月27日电话会议 电话沟通 机构中邮人寿保险股份有限公司 宁波幻方量化投资管理合伙企业
1219917922,002520,002520.SZ,日发精机,FY,2023-12-31,2024-04-29,2024-04-29,日发精机：2023年年度报告,宁波幻方量化,[],https://static.cninfo.com.cn/finalpage/2024-04-30/1219917922.PDF,宁波幻方,115、深圳市远望角投资管理企业（有限合伙）：秦卓奕 116、珠江人寿保险股份有限公司：王钟杨 117、宁波幻方量化投资管理合伙企业
1219857680,002698,002698.SZ,博实股份,FY,2023-12-31,2024-04-26,2024-04-26,博实股份：2023年年度报告,宁波幻方量化,[],https://static.cninfo.com.cn/finalpage/2024-04-27/1219857680.PDF,宁波幻方,深圳固禾私募证券基金管理有限公司、上海荷和投资管理合伙企业（有限合伙）、深圳市裕晋私募证券投资基金管理有限公司、宁波幻方量化投资管理合伙企业
1219596888,300098,300098.SZ,高新兴,FY,2023-12-31,2024-04-12,2024-04-12,高新兴：2023年年度报告,宁波幻方量化,[],https://static.cninfo.com.cn/finalpage/2024-04-13/1219596888.PDF,宁波幻方,、交银施罗德基金管理有限公司、恒越基金管理有限公司、永赢基金管理有限公司、西部利得基金管理有限公司、宁波幻方量化投资管理合伙企业
1219742217,600261,600261.SS,阳光照明,FY,2023-12-31,2024-04-22,2024-04-22,阳光照明：阳光照明2023年年度报告,宁波幻方量化,[],https://static.cninfo.com.cn/finalpage/2024-04-23/1219742217.PDF,宁波幻方,"/7 2023/9/27 自有资金 保本浮动收益 1.5%-2.8% 396,295.89 是 否 宁波幻方量化投资管理合伙企业"
1221046679,600261,600261.SS,阳光照明,H1,2024-06-30,2024-08-29,2024-08-29,阳光照明：阳光照明2024年半年度报告,宁波幻方量化,[],https://static.cninfo.com.cn/finalpage/2024-08-30/1221046679.PDF,宁波幻方,证券投资情况的说明 □适用 √不适用 私募基金投资情况 √适用 □不适用 （1）公司于 2021 年 10 月认购了宁波幻方量化投资管理合伙企业
1223279348,000737,000737.SZ,北方铜业,FY,2024-12-31,2025-04-24,2025-04-24,北方铜业：2024年年度报告,宁波幻方量化,[],https://static.cninfo.com.cn/finalpage/2025-04-25/1223279348.pdf,宁波幻方,张志良；福建豪山 洪嘉蓉；禾永投资管理（北京）有限公司 顾义河；明世伙伴基金管理（珠海）有限公司 彭杨；宁波幻方量化投资管理合伙企业
1223302722,000930,000930.SZ,中粮科技,FY,2024-12-31,2025-04-25,2025-04-25,中粮科技：2024年年度报告,宁波幻方量化,[],https://static.cninfo.com.cn/finalpage/2025-04-26/1223302722.PDF,宁波幻方,天风证券研究所 戴飞、宁波幻方量化投资管理合伙企业（有限合伙） 徐程惠、生命保险资产管理有限公司 黄进
1223186550,600261,600261.SS,阳光照明,FY,2024-12-31,2025-04-21,2025-04-21,阳光照明：阳光照明2024年年度报告,宁波幻方量化,[],https://static.cninfo.com.cn/finalpage/2025-04-22/1223186550.PDF,宁波幻方,年年度报告29 / 266私募基金投资情况√适用 □不适用（1）公司于 2021 年 10 月认购了宁波幻方量化投资管理合伙企业
1224617876,600261,600261.SS,阳光照明,H1,2025-06-30,2025-08-29,2025-08-29,阳光照明：阳光照明2025年半年度报告,宁波幻方量化,[],https://static.cninfo.com.cn/finalpage/2025-08-30/1224617876.PDF,宁波幻方,不适用证券投资情况的说明□适用 √不适用私募基金投资情况√适用 □不适用（1）公司于 2021 年 10 月认购了宁波幻方量化投资管理合伙企业
1225489084,600261,600261.SS,阳光照明,H1,2026-06-30,2026-08-21,2026-08-21,阳光照明：阳光照明2026年半年度报告,宁波幻方量化,[],https://static.cninfo.com.cn/finalpage/2026-08-22/1225489084.PDF,宁波幻方,不适用证券投资情况的说明□适用 √不适用私募基金投资情况√适用 □不适用（1）公司于 2021 年 10 月认购了宁波幻方量化投资管理合伙企业
